timestamp_ms,render_fps,capture_hz,capture_ms,upload_ms,draw_ms,queue_depth,dropped_frames,total_captured,snapshot_save_ms,recording_encode_ms,capture_timestamp_ms,render_timestamp_ms,pipeline_latency_ms
1390887008,1322.84,29.97,33.73,2.04,0.01,0.00,0,334,0.00,0.00,1390886989.000,1390887008.000,19.000
1390887008,1322.84,29.97,33.73,2.04,0.01,0.00,0,334,0.00,0.00,1390886989.000,1390887008.000,19.000
1390887009,1322.84,29.97,33.73,2.04,0.01,0.00,0,334,0.00,0.00,1390886989.000,1390887008.000,19.000
1390887010,1322.84,29.97,33.73,2.04,0.01,0.00,0,334,0.00,0.00,1390886989.000,1390887009.000,20.000
1390887010,1322.84,29.97,33.73,2.04,0.01,0.00,0,334,0.00,0.00,1390886989.000,1390887010.000,21.000
1390887011,1322.84,29.97,33.73,2.04,0.01,0.00,0,334,0.00,0.00,1390886989.000,1390887010.000,21.000
1390887012,1322.84,29.97,33.73,2.04,0.01,0.00,0,334,0.00,0.00,1390886989.000,1390887011.000,22.000
1390887013,1322.84,29.97,33.73,2.04,0.01,0.00,0,334,0.00,0.00,1390886989.000,1390887012.000,23.000
1390887013,1322.84,29.97,33.73,2.04,0.01,0.00,0,334,0.00,0.00,1390886989.000,1390887013.000,24.000
1390887014,1322.84,29.97,33.73,2.04,0.01,0.00,0,334,0.00,0.00,1390886989.000,1390887013.000,24.000
1390887015,1322.84,29.97,33.73,2.04,0.01,0.00,0,334,0.00,0.00,1390886989.000,1390887014.000,25.000
1390887015,1322.84,29.97,33.73,2.04,0.01,0.00,0,334,0.00,0.00,1390886989.000,1390887015.000,26.000
1390887016,1322.84,29.97,33.73,2.04,0.01,0.00,0,334,0.00,0.00,1390886989.000,1390887015.000,26.000
1390887016,1322.84,29.97,33.73,2.04,0.01,0.00,0,334,0.00,0.00,1390886989.000,1390887016.000,27.000
1390887017,1322.84,29.97,33.73,2.04,0.01,0.00,0,334,0.00,0.00,1390886989.000,1390887016.000,27.000
1390887018,1322.84,29.97,33.73,2.04,0.01,0.00,0,334,0.00,0.00,1390886989.000,1390887017.000,28.000
1390887018,1322.84,29.97,33.73,2.04,0.01,0.00,0,334,0.00,0.00,1390886989.000,1390887018.000,29.000
1390887019,1322.84,29.97,33.73,2.04,0.01,0.00,0,334,0.00,0.00,1390886989.000,1390887018.000,29.000
1390887020,1322.84,29.97,33.73,2.04,0.01,0.00,0,334,0.00,0.00,1390886989.000,1390887019.000,30.000
1390887025,1322.84,29.97,32.19,2.09,0.02,0.00,0,335,0.00,0.00,1390887022.000,1390887020.000,31.000
1390887025,1322.84,29.97,32.19,2.09,0.01,0.00,0,335,0.00,0.00,1390887022.000,1390887025.000,3.000
1390887025,1322.84,29.97,32.19,2.09,0.01,0.00,0,335,0.00,0.00,1390887022.000,1390887025.000,3.000
1390887026,1322.84,29.97,32.19,2.09,0.01,0.00,0,335,0.00,0.00,1390887022.000,1390887025.000,3.000
1390887027,1322.84,29.97,32.19,2.09,0.01,0.00,0,335,0.00,0.00,1390887022.000,1390887027.000,5.000
1390887027,1322.84,29.97,32.19,2.09,0.01,0.00,0,335,0.00,0.00,1390887022.000,1390887027.000,5.000
1390887028,1322.84,29.97,32.19,2.09,0.01,0.00,0,335,0.00,0.00,1390887022.000,1390887027.000,5.000
1390887029,1322.84,29.97,32.19,2.09,0.01,0.00,0,335,0.00,0.00,1390887022.000,1390887028.000,6.000
1390887029,1322.84,29.97,32.19,2.09,0.01,0.00,0,335,0.00,0.00,1390887022.000,1390887029.000,7.000
1390887030,1322.84,29.97,32.19,2.09,0.01,0.00,0,335,0.00,0.00,1390887022.000,1390887029.000,7.000
1390887030,1322.84,29.97,32.19,2.09,0.01,0.00,0,335,0.00,0.00,1390887022.000,1390887030.000,8.000
1390887031,1322.84,29.97,32.19,2.09,0.01,0.00,0,335,0.00,0.00,1390887022.000,1390887030.000,8.000
1390887032,1322.84,29.97,32.19,2.09,0.01,0.00,0,335,0.00,0.00,1390887022.000,1390887031.000,9.000
1390887032,1322.84,29.97,32.19,2.09,0.01,0.00,0,335,0.00,0.00,1390887022.000,1390887032.000,10.000
1390887033,1322.84,29.97,32.19,2.09,0.01,0.00,0,335,0.00,0.00,1390887022.000,1390887032.000,10.000
1390887033,1322.84,29.97,32.19,2.09,0.01,0.00,0,335,0.00,0.00,1390887022.000,1390887033.000,11.000
1390887034,1322.84,29.97,32.19,2.09,0.01,0.00,0,335,0.00,0.00,1390887022.000,1390887033.000,11.000
1390887035,1322.84,29.97,32.19,2.09,0.01,0.00,0,335,0.00,0.00,1390887022.000,1390887034.000,12.000
1390887035,1322.84,29.97,32.19,2.09,0.01,0.00,0,335,0.00,0.00,1390887022.000,1390887035.000,13.000
1390887036,1322.84,29.97,32.19,2.09,0.01,0.00,0,335,0.00,0.00,1390887022.000,1390887035.000,13.000
1390887036,1322.84,29.97,32.19,2.09,0.01,0.00,0,335,0.00,0.00,1390887022.000,1390887036.000,14.000
1390887039,1322.84,29.97,32.19,2.09,0.01,0.00,0,335,0.00,0.00,1390887022.000,1390887036.000,14.000
1390887039,1322.84,29.97,32.19,2.09,0.01,0.00,0,335,0.00,0.00,1390887022.000,1390887039.000,17.000
1390887039,1322.84,29.97,32.19,2.09,0.01,0.00,0,335,0.00,0.00,1390887022.000,1390887039.000,17.000
1390887040,1322.84,29.97,32.19,2.09,0.01,0.00,0,335,0.00,0.00,1390887022.000,1390887040.000,18.000
1390887041,1322.84,29.97,32.19,2.09,0.01,0.00,0,335,0.00,0.00,1390887022.000,1390887040.000,18.000
1390887041,1322.84,29.97,32.19,2.09,0.01,0.00,0,335,0.00,0.00,1390887022.000,1390887041.000,19.000
1390887042,1322.84,29.97,32.19,2.09,0.01,0.00,0,335,0.00,0.00,1390887022.000,1390887041.000,19.000
1390887043,1322.84,29.97,32.19,2.09,0.01,0.00,0,335,0.00,0.00,1390887022.000,1390887042.000,20.000
1390887043,1322.84,29.97,32.19,2.09,0.01,0.00,0,335,0.00,0.00,1390887022.000,1390887043.000,21.000
1390887044,1322.84,29.97,32.19,2.09,0.01,0.00,0,335,0.00,0.00,1390887022.000,1390887044.000,22.000
1390887045,1322.84,29.97,32.19,2.09,0.01,0.00,0,335,0.00,0.00,1390887022.000,1390887044.000,22.000
1390887046,1322.84,29.97,32.19,2.09,0.01,0.00,0,335,0.00,0.00,1390887022.000,1390887045.000,23.000
1390887046,1322.84,29.97,32.19,2.09,0.01,0.00,0,335,0.00,0.00,1390887022.000,1390887046.000,24.000
1390887047,1322.84,29.97,32.19,2.09,0.01,0.00,0,335,0.00,0.00,1390887022.000,1390887046.000,24.000
1390887048,1322.84,29.97,32.19,2.09,0.01,0.00,0,335,0.00,0.00,1390887022.000,1390887047.000,25.000
1390887048,1322.84,29.97,32.19,2.09,0.01,0.00,0,335,0.00,0.00,1390887022.000,1390887048.000,26.000
1390887049,1322.84,29.97,32.19,2.09,0.01,0.00,0,335,0.00,0.00,1390887022.000,1390887048.000,26.000
1390887049,1322.84,29.97,32.19,2.09,0.01,0.00,0,335,0.00,0.00,1390887022.000,1390887049.000,27.000
1390887050,1322.84,29.97,32.19,2.09,0.01,0.00,0,335,0.00,0.00,1390887022.000,1390887049.000,27.000
1390887051,1322.84,29.97,32.19,2.09,0.01,0.00,0,335,0.00,0.00,1390887022.000,1390887050.000,28.000
1390887051,1322.84,29.97,32.19,2.09,0.01,0.00,0,335,0.00,0.00,1390887022.000,1390887051.000,29.000
1390887052,1322.84,29.97,32.19,2.09,0.01,0.00,0,335,0.00,0.00,1390887022.000,1390887051.000,29.000
1390887053,1322.84,29.97,32.19,2.09,0.01,0.00,0,335,0.00,0.00,1390887022.000,1390887052.000,30.000
1390887058,1322.84,29.97,32.59,2.17,0.02,0.00,0,336,0.00,0.00,1390887055.000,1390887053.000,31.000
1390887058,1322.84,29.97,32.59,2.17,0.01,0.00,0,336,0.00,0.00,1390887055.000,1390887058.000,3.000
1390887058,1322.84,29.97,32.59,2.17,0.01,0.00,0,336,0.00,0.00,1390887055.000,1390887058.000,3.000
1390887059,1322.84,29.97,32.59,2.17,0.01,0.00,0,336,0.00,0.00,1390887055.000,1390887058.000,3.000
1390887060,1322.84,29.97,32.59,2.17,0.01,0.00,0,336,0.00,0.00,1390887055.000,1390887059.000,4.000
1390887060,1322.84,29.97,32.59,2.17,0.01,0.00,0,336,0.00,0.00,1390887055.000,1390887060.000,5.000
1390887061,1322.84,29.97,32.59,2.17,0.01,0.00,0,336,0.00,0.00,1390887055.000,1390887060.000,5.000
1390887061,1322.84,29.97,32.59,2.17,0.01,0.00,0,336,0.00,0.00,1390887055.000,1390887061.000,6.000
1390887062,1322.84,29.97,32.59,2.17,0.01,0.00,0,336,0.00,0.00,1390887055.000,1390887062.000,7.000
1390887063,1322.84,29.97,32.59,2.17,0.01,0.00,0,336,0.00,0.00,1390887055.000,1390887062.000,7.000
1390887063,1322.84,29.97,32.59,2.17,0.01,0.00,0,336,0.00,0.00,1390887055.000,1390887063.000,8.000
1390887064,1322.84,29.97,32.59,2.17,0.01,0.00,0,336,0.00,0.00,1390887055.000,1390887063.000,8.000
1390887064,1322.84,29.97,32.59,2.17,0.01,0.00,0,336,0.00,0.00,1390887055.000,1390887064.000,9.000
1390887065,1322.84,29.97,32.59,2.17,0.01,0.00,0,336,0.00,0.00,1390887055.000,1390887064.000,9.000
1390887066,1322.84,29.97,32.59,2.17,0.01,0.00,0,336,0.00,0.00,1390887055.000,1390887065.000,10.000
1390887066,1322.84,29.97,32.59,2.17,0.01,0.00,0,336,0.00,0.00,1390887055.000,1390887066.000,11.000
1390887067,1322.84,29.97,32.59,2.17,0.01,0.00,0,336,0.00,0.00,1390887055.000,1390887066.000,11.000
1390887067,1322.84,29.97,32.59,2.17,0.01,0.00,0,336,0.00,0.00,1390887055.000,1390887067.000,12.000
1390887068,1322.84,29.97,32.59,2.17,0.01,0.00,0,336,0.00,0.00,1390887055.000,1390887068.000,13.000
1390887069,1322.84,29.97,32.59,2.17,0.01,0.00,0,336,0.00,0.00,1390887055.000,1390887068.000,13.000
1390887069,1322.84,29.97,32.59,2.17,0.01,0.00,0,336,0.00,0.00,1390887055.000,1390887069.000,14.000
1390887070,1322.84,29.97,32.59,2.17,0.01,0.00,0,336,0.00,0.00,1390887055.000,1390887069.000,14.000
1390887072,1322.84,29.97,32.59,2.17,0.01,0.00,0,336,0.00,0.00,1390887055.000,1390887070.000,15.000
1390887072,1322.84,29.97,32.59,2.17,0.01,0.00,0,336,0.00,0.00,1390887055.000,1390887072.000,17.000
1390887073,1322.84,29.97,32.59,2.17,0.01,0.00,0,336,0.00,0.00,1390887055.000,1390887072.000,17.000
1390887073,1322.84,29.97,32.59,2.17,0.01,0.00,0,336,0.00,0.00,1390887055.000,1390887073.000,18.000
1390887074,1322.84,29.97,32.59,2.17,0.01,0.00,0,336,0.00,0.00,1390887055.000,1390887073.000,18.000
1390887074,1322.84,29.97,32.59,2.17,0.01,0.00,0,336,0.00,0.00,1390887055.000,1390887074.000,19.000
1390887075,1322.84,29.97,32.59,2.17,0.01,0.00,0,336,0.00,0.00,1390887055.000,1390887074.000,19.000
1390887076,1322.84,29.97,32.59,2.17,0.01,0.00,0,336,0.00,0.00,1390887055.000,1390887075.000,20.000
1390887077,1322.84,29.97,32.59,2.17,0.01,0.00,0,336,0.00,0.00,1390887055.000,1390887076.000,21.000
1390887077,1322.84,29.97,32.59,2.17,0.01,0.00,0,336,0.00,0.00,1390887055.000,1390887077.000,22.000
1390887078,1322.84,29.97,32.59,2.17,0.01,0.00,0,336,0.00,0.00,1390887055.000,1390887077.000,22.000
1390887079,1322.84,29.97,32.59,2.17,0.01,0.00,0,336,0.00,0.00,1390887055.000,1390887078.000,23.000
1390887080,1322.84,29.97,32.59,2.17,0.01,0.00,0,336,0.00,0.00,1390887055.000,1390887079.000,24.000
1390887080,1322.84,29.97,32.59,2.17,0.02,0.00,0,336,0.00,0.00,1390887055.000,1390887080.000,25.000
1390887081,1322.84,29.97,32.59,2.17,0.01,0.00,0,336,0.00,0.00,1390887055.000,1390887080.000,25.000
1390887082,1322.84,29.97,32.59,2.17,0.01,0.00,0,336,0.00,0.00,1390887055.000,1390887081.000,26.000
1390887082,1322.84,29.97,32.59,2.17,0.01,0.00,0,336,0.00,0.00,1390887055.000,1390887082.000,27.000
1390887083,1322.84,29.97,32.59,2.17,0.01,0.00,0,336,0.00,0.00,1390887055.000,1390887082.000,27.000
1390887084,1322.84,29.97,32.59,2.17,0.01,0.00,0,336,0.00,0.00,1390887055.000,1390887083.000,28.000
1390887084,1322.84,29.97,32.59,2.17,0.01,0.00,0,336,0.00,0.00,1390887055.000,1390887084.000,29.000
1390887085,1322.84,29.97,32.59,2.17,0.01,0.00,0,336,0.00,0.00,1390887055.000,1390887084.000,29.000
1390887085,1322.84,29.97,32.59,2.17,0.01,0.00,0,336,0.00,0.00,1390887055.000,1390887085.000,30.000
1390887086,1322.84,29.97,32.59,2.17,0.01,0.00,0,336,0.00,0.00,1390887055.000,1390887086.000,31.000
1390887089,1322.84,29.97,33.11,2.17,0.01,0.00,0,336,0.00,0.00,1390887055.000,1390887086.000,31.000
1390887092,1322.84,29.97,33.11,2.36,0.02,0.00,0,337,0.00,0.00,1390887089.000,1390887089.000,34.000
1390887092,1322.84,29.97,33.11,2.36,0.01,0.00,0,337,0.00,0.00,1390887089.000,1390887092.000,3.000
1390887092,1322.84,29.97,33.11,2.36,0.01,0.00,0,337,0.00,0.00,1390887089.000,1390887092.000,3.000
1390887093,1322.84,29.97,33.11,2.36,0.01,0.00,0,337,0.00,0.00,1390887089.000,1390887092.000,3.000
1390887094,1322.84,29.97,33.11,2.36,0.01,0.00,0,337,0.00,0.00,1390887089.000,1390887093.000,4.000
1390887094,1322.84,29.97,33.11,2.36,0.01,0.00,0,337,0.00,0.00,1390887089.000,1390887094.000,5.000
1390887095,1322.84,29.97,33.11,2.36,0.01,0.00,0,337,0.00,0.00,1390887089.000,1390887094.000,5.000
1390887095,1322.84,29.97,33.11,2.36,0.01,0.00,0,337,0.00,0.00,1390887089.000,1390887095.000,6.000
1390887096,1322.84,29.97,33.11,2.36,0.01,0.00,0,337,0.00,0.00,1390887089.000,1390887095.000,6.000
1390887097,1322.84,29.97,33.11,2.36,0.01,0.00,0,337,0.00,0.00,1390887089.000,1390887096.000,7.000
1390887097,1322.84,29.97,33.11,2.36,0.01,0.00,0,337,0.00,0.00,1390887089.000,1390887097.000,8.000
1390887098,1322.84,29.97,33.11,2.36,0.01,0.00,0,337,0.00,0.00,1390887089.000,1390887097.000,8.000
1390887098,1322.84,29.97,33.11,2.36,0.01,0.00,0,337,0.00,0.00,1390887089.000,1390887098.000,9.000
1390887099,1322.84,29.97,33.11,2.36,0.01,0.00,0,337,0.00,0.00,1390887089.000,1390887098.000,9.000
1390887100,1322.84,29.97,33.11,2.36,0.01,0.00,0,337,0.00,0.00,1390887089.000,1390887099.000,10.000
1390887100,1322.84,29.97,33.11,2.36,0.01,0.00,0,337,0.00,0.00,1390887089.000,1390887100.000,11.000
1390887101,1322.84,29.97,33.11,2.36,0.01,0.00,0,337,0.00,0.00,1390887089.000,1390887100.000,11.000
1390887101,1322.84,29.97,33.11,2.36,0.01,0.00,0,337,0.00,0.00,1390887089.000,1390887101.000,12.000
1390887102,1322.84,29.97,33.11,2.36,0.01,0.00,0,337,0.00,0.00,1390887089.000,1390887101.000,12.000
1390887103,1322.84,29.97,33.11,2.36,0.01,0.00,0,337,0.00,0.00,1390887089.000,1390887102.000,13.000
1390887105,1322.84,29.97,33.11,2.36,0.01,0.00,0,337,0.00,0.00,1390887089.000,1390887103.000,14.000
1390887105,1322.84,29.97,33.11,2.36,0.02,0.00,0,337,0.00,0.00,1390887089.000,1390887105.000,16.000
1390887106,1322.84,29.97,33.11,2.36,0.02,0.00,0,337,0.00,0.00,1390887089.000,1390887105.000,16.000
1390887107,1322.84,29.97,33.11,2.36,0.01,0.00,0,337,0.00,0.00,1390887089.000,1390887106.000,17.000
1390887107,1322.84,29.97,33.11,2.36,0.01,0.00,0,337,0.00,0.00,1390887089.000,1390887107.000,18.000
1390887108,1322.84,29.97,33.11,2.36,0.01,0.00,0,337,0.00,0.00,1390887089.000,1390887107.000,18.000
1390887109,1322.84,29.97,33.11,2.36,0.01,0.00,0,337,0.00,0.00,1390887089.000,1390887108.000,19.000
1390887109,1322.84,29.97,33.11,2.36,0.01,0.00,0,337,0.00,0.00,1390887089.000,1390887109.000,20.000
1390887110,1322.84,29.97,33.11,2.36,0.01,0.00,0,337,0.00,0.00,1390887089.000,1390887109.000,20.000
1390887111,1322.84,29.97,33.11,2.36,0.01,0.00,0,337,0.00,0.00,1390887089.000,1390887110.000,21.000
1390887111,1322.84,29.97,33.11,2.36,0.01,0.00,0,337,0.00,0.00,1390887089.000,1390887111.000,22.000
1390887112,1322.84,29.97,33.11,2.36,0.01,0.00,0,337,0.00,0.00,1390887089.000,1390887111.000,22.000
1390887113,1322.84,29.97,33.11,2.36,0.01,0.00,0,337,0.00,0.00,1390887089.000,1390887112.000,23.000
1390887113,1322.84,29.97,33.11,2.36,0.01,0.00,0,337,0.00,0.00,1390887089.000,1390887113.000,24.000
1390887114,1322.84,29.97,33.11,2.36,0.01,0.00,0,337,0.00,0.00,1390887089.000,1390887114.000,25.000
1390887115,1322.84,29.97,33.11,2.36,0.01,0.00,0,337,0.00,0.00,1390887089.000,1390887114.000,25.000
1390887115,1322.84,29.97,33.11,2.36,0.01,0.00,0,337,0.00,0.00,1390887089.000,1390887115.000,26.000
1390887116,1322.84,29.97,33.11,2.36,0.01,0.00,0,337,0.00,0.00,1390887089.000,1390887115.000,26.000
1390887117,1322.84,29.97,33.11,2.36,0.01,0.00,0,337,0.00,0.00,1390887089.000,1390887116.000,27.000
1390887117,1322.84,29.97,33.11,2.36,0.01,0.00,0,337,0.00,0.00,1390887089.000,1390887117.000,28.000
1390887118,1322.84,29.97,33.11,2.36,0.01,0.00,0,337,0.00,0.00,1390887089.000,1390887117.000,28.000
1390887119,1322.84,29.97,33.11,2.36,0.01,0.00,0,337,0.00,0.00,1390887089.000,1390887118.000,29.000
1390887119,1322.84,29.97,33.11,2.36,0.01,0.00,0,337,0.00,0.00,1390887089.000,1390887119.000,30.000
1390887120,1322.84,29.97,33.11,2.36,0.01,0.00,0,337,0.00,0.00,1390887089.000,1390887119.000,30.000
1390887125,1322.84,29.97,32.71,2.20,0.02,0.00,0,338,0.00,0.00,1390887122.000,1390887120.000,31.000
1390887125,1322.84,29.97,32.71,2.20,0.01,0.00,0,338,0.00,0.00,1390887122.000,1390887125.000,3.000
1390887125,1322.84,29.97,32.71,2.20,0.01,0.00,0,338,0.00,0.00,1390887122.000,1390887125.000,3.000
1390887127,1322.84,29.97,32.71,2.20,0.01,0.00,0,338,0.00,0.00,1390887122.000,1390887125.000,3.000
1390887127,1322.84,29.97,32.71,2.20,0.01,0.00,0,338,0.00,0.00,1390887122.000,1390887127.000,5.000
1390887128,1322.84,29.97,32.71,2.20,0.01,0.00,0,338,0.00,0.00,1390887122.000,1390887127.000,5.000
1390887128,1322.84,29.97,32.71,2.20,0.01,0.00,0,338,0.00,0.00,1390887122.000,1390887128.000,6.000
1390887129,1322.84,29.97,32.71,2.20,0.01,0.00,0,338,0.00,0.00,1390887122.000,1390887128.000,6.000
1390887129,1322.84,29.97,32.71,2.20,0.01,0.00,0,338,0.00,0.00,1390887122.000,1390887129.000,7.000
1390887130,1322.84,29.97,32.71,2.20,0.01,0.00,0,338,0.00,0.00,1390887122.000,1390887129.000,7.000
1390887131,1322.84,29.97,32.71,2.20,0.01,0.00,0,338,0.00,0.00,1390887122.000,1390887130.000,8.000
1390887131,1322.84,29.97,32.71,2.20,0.01,0.00,0,338,0.00,0.00,1390887122.000,1390887131.000,9.000
1390887132,1322.84,29.97,32.71,2.20,0.01,0.00,0,338,0.00,0.00,1390887122.000,1390887131.000,9.000
1390887132,1322.84,29.97,32.71,2.20,0.01,0.00,0,338,0.00,0.00,1390887122.000,1390887132.000,10.000
1390887133,1322.84,29.97,32.71,2.20,0.01,0.00,0,338,0.00,0.00,1390887122.000,1390887132.000,10.000
1390887133,1322.84,29.97,32.71,2.20,0.01,0.00,0,338,0.00,0.00,1390887122.000,1390887133.000,11.000
1390887134,1322.84,29.97,32.71,2.20,0.01,0.00,0,338,0.00,0.00,1390887122.000,1390887133.000,11.000
1390887135,1322.84,29.97,32.71,2.20,0.01,0.00,0,338,0.00,0.00,1390887122.000,1390887134.000,12.000
1390887135,1322.84,29.97,32.71,2.20,0.01,0.00,0,338,0.00,0.00,1390887122.000,1390887135.000,13.000
1390887136,1322.84,29.97,32.71,2.20,0.01,0.00,0,338,0.00,0.00,1390887122.000,1390887135.000,13.000
1390887136,1322.84,29.97,32.71,2.20,0.01,0.00,0,338,0.00,0.00,1390887122.000,1390887136.000,14.000
1390887139,1322.84,29.97,32.71,2.20,0.01,0.00,0,338,0.00,0.00,1390887122.000,1390887136.000,14.000
1390887139,1322.84,29.97,32.71,2.20,0.01,0.00,0,338,0.00,0.00,1390887122.000,1390887139.000,17.000
1390887140,1322.84,29.97,32.71,2.20,0.01,0.00,0,338,0.00,0.00,1390887122.000,1390887139.000,17.000
1390887140,1322.84,29.97,32.71,2.20,0.01,0.00,0,338,0.00,0.00,1390887122.000,1390887140.000,18.000
1390887141,1322.84,29.97,32.71,2.20,0.01,0.00,0,338,0.00,0.00,1390887122.000,1390887140.000,18.000
1390887141,1322.84,29.97,32.71,2.20,0.01,0.00,0,338,0.00,0.00,1390887122.000,1390887141.000,19.000
1390887142,1322.84,29.97,32.71,2.20,0.01,0.00,0,338,0.00,0.00,1390887122.000,1390887141.000,19.000
1390887143,1322.84,29.97,32.71,2.20,0.01,0.00,0,338,0.00,0.00,1390887122.000,1390887142.000,20.000
1390887143,1322.84,29.97,32.71,2.20,0.01,0.00,0,338,0.00,0.00,1390887122.000,1390887143.000,21.000
1390887144,1322.84,29.97,32.71,2.20,0.01,0.00,0,338,0.00,0.00,1390887122.000,1390887144.000,22.000
1390887145,1322.84,29.97,32.71,2.20,0.01,0.00,0,338,0.00,0.00,1390887122.000,1390887144.000,22.000
1390887146,1322.84,29.97,32.71,2.20,0.01,0.00,0,338,0.00,0.00,1390887122.000,1390887145.000,23.000
1390887146,1322.84,29.97,32.71,2.20,0.01,0.00,0,338,0.00,0.00,1390887122.000,1390887146.000,24.000
1390887147,1322.84,29.97,32.71,2.20,0.01,0.00,0,338,0.00,0.00,1390887122.000,1390887146.000,24.000
1390887148,1322.84,29.97,32.71,2.20,0.01,0.00,0,338,0.00,0.00,1390887122.000,1390887147.000,25.000
1390887148,1322.84,29.97,32.71,2.20,0.01,0.00,0,338,0.00,0.00,1390887122.000,1390887148.000,26.000
1390887149,1322.84,29.97,32.71,2.20,0.01,0.00,0,338,0.00,0.00,1390887122.000,1390887148.000,26.000
1390887150,1322.84,29.97,32.71,2.20,0.01,0.00,0,338,0.00,0.00,1390887122.000,1390887149.000,27.000
1390887150,1322.84,29.97,32.71,2.20,0.01,0.00,0,338,0.00,0.00,1390887122.000,1390887150.000,28.000
1390887151,1322.84,29.97,32.71,2.20,0.01,0.00,0,338,0.00,0.00,1390887122.000,1390887150.000,28.000
1390887152,1322.84,29.97,32.71,2.20,0.01,0.00,0,338,0.00,0.00,1390887122.000,1390887151.000,29.000
1390887152,1322.84,29.97,32.71,2.20,0.01,0.00,0,338,0.00,0.00,1390887122.000,1390887152.000,30.000
1390887153,1322.84,29.97,32.71,2.20,0.01,0.00,0,338,0.00,0.00,1390887122.000,1390887152.000,30.000
1390887158,1322.84,29.97,32.77,2.14,0.02,0.00,0,339,0.00,0.00,1390887156.000,1390887153.000,31.000
1390887158,1322.84,29.97,32.77,2.14,0.01,0.00,0,339,0.00,0.00,1390887156.000,1390887158.000,2.000
1390887159,1322.84,29.97,32.77,2.14,0.01,0.00,0,339,0.00,0.00,1390887156.000,1390887158.000,2.000
1390887160,1322.84,29.97,32.77,2.14,0.01,0.00,0,339,0.00,0.00,1390887156.000,1390887159.000,3.000
1390887160,1322.84,29.97,32.77,2.14,0.01,0.00,0,339,0.00,0.00,1390887156.000,1390887160.000,4.000
1390887161,1322.84,29.97,32.77,2.14,0.01,0.00,0,339,0.00,0.00,1390887156.000,1390887160.000,4.000
1390887161,1322.84,29.97,32.77,2.14,0.01,0.00,0,339,0.00,0.00,1390887156.000,1390887161.000,5.000
1390887162,1322.84,29.97,32.77,2.14,0.01,0.00,0,339,0.00,0.00,1390887156.000,1390887161.000,5.000
1390887162,1322.84,29.97,32.77,2.14,0.01,0.00,0,339,0.00,0.00,1390887156.000,1390887162.000,6.000
1390887163,1322.84,29.97,32.77,2.14,0.01,0.00,0,339,0.00,0.00,1390887156.000,1390887163.000,7.000
1390887164,1322.84,29.97,32.77,2.14,0.01,0.00,0,339,0.00,0.00,1390887156.000,1390887163.000,7.000
1390887164,1322.84,29.97,32.77,2.14,0.01,0.00,0,339,0.00,0.00,1390887156.000,1390887164.000,8.000
1390887165,1322.84,29.97,32.77,2.14,0.01,0.00,0,339,0.00,0.00,1390887156.000,1390887164.000,8.000
1390887165,1322.84,29.97,32.77,2.14,0.01,0.00,0,339,0.00,0.00,1390887156.000,1390887165.000,9.000
1390887166,1322.84,29.97,32.77,2.14,0.01,0.00,0,339,0.00,0.00,1390887156.000,1390887165.000,9.000
1390887167,1322.84,29.97,32.77,2.14,0.01,0.00,0,339,0.00,0.00,1390887156.000,1390887166.000,10.000
1390887167,1322.84,29.97,32.77,2.14,0.01,0.00,0,339,0.00,0.00,1390887156.000,1390887167.000,11.000
1390887168,1322.84,29.97,32.77,2.14,0.01,0.00,0,339,0.00,0.00,1390887156.000,1390887167.000,11.000
1390887168,1322.84,29.97,32.77,2.14,0.01,0.00,0,339,0.00,0.00,1390887156.000,1390887168.000,12.000
1390887169,1322.84,29.97,32.77,2.14,0.01,0.00,0,339,0.00,0.00,1390887156.000,1390887168.000,12.000
1390887170,1322.84,29.97,32.77,2.14,0.01,0.00,0,339,0.00,0.00,1390887156.000,1390887169.000,13.000
1390887172,1322.84,29.97,32.77,2.14,0.01,0.00,0,339,0.00,0.00,1390887156.000,1390887170.000,14.000
1390887172,1322.84,29.97,32.77,2.14,0.01,0.00,0,339,0.00,0.00,1390887156.000,1390887172.000,16.000
1390887173,1322.84,29.97,32.77,2.14,0.01,0.00,0,339,0.00,0.00,1390887156.000,1390887172.000,16.000
1390887173,1322.84,29.97,32.77,2.14,0.01,0.00,0,339,0.00,0.00,1390887156.000,1390887173.000,17.000
1390887174,1322.84,29.97,32.77,2.14,0.01,0.00,0,339,0.00,0.00,1390887156.000,1390887173.000,17.000
1390887174,1322.84,29.97,32.77,2.14,0.01,0.00,0,339,0.00,0.00,1390887156.000,1390887174.000,18.000
1390887175,1322.84,29.97,32.77,2.14,0.01,0.00,0,339,0.00,0.00,1390887156.000,1390887174.000,18.000
1390887176,1322.84,29.97,32.77,2.14,0.01,0.00,0,339,0.00,0.00,1390887156.000,1390887175.000,19.000
1390887177,1322.84,29.97,32.77,2.14,0.01,0.00,0,339,0.00,0.00,1390887156.000,1390887176.000,20.000
1390887177,1322.84,29.97,32.77,2.14,0.01,0.00,0,339,0.00,0.00,1390887156.000,1390887177.000,21.000
1390887178,1322.84,29.97,32.77,2.14,0.01,0.00,0,339,0.00,0.00,1390887156.000,1390887177.000,21.000
1390887179,1322.84,29.97,32.77,2.14,0.01,0.00,0,339,0.00,0.00,1390887156.000,1390887178.000,22.000
1390887179,1322.84,29.97,32.77,2.14,0.01,0.00,0,339,0.00,0.00,1390887156.000,1390887179.000,23.000
1390887180,1322.84,29.97,32.77,2.14,0.01,0.00,0,339,0.00,0.00,1390887156.000,1390887179.000,23.000
1390887181,1322.84,29.97,32.77,2.14,0.01,0.00,0,339,0.00,0.00,1390887156.000,1390887180.000,24.000
1390887182,1322.84,29.97,32.77,2.14,0.01,0.00,0,339,0.00,0.00,1390887156.000,1390887181.000,25.000
1390887182,1322.84,29.97,32.77,2.14,0.01,0.00,0,339,0.00,0.00,1390887156.000,1390887182.000,26.000
1390887183,1322.84,29.97,32.77,2.14,0.01,0.00,0,339,0.00,0.00,1390887156.000,1390887182.000,26.000
1390887183,1322.84,29.97,32.77,2.14,0.01,0.00,0,339,0.00,0.00,1390887156.000,1390887183.000,27.000
1390887184,1322.84,29.97,32.77,2.14,0.01,0.00,0,339,0.00,0.00,1390887156.000,1390887183.000,27.000
1390887185,1322.84,29.97,32.77,2.14,0.01,0.00,0,339,0.00,0.00,1390887156.000,1390887184.000,28.000
1390887185,1322.84,29.97,32.77,2.14,0.01,0.00,0,339,0.00,0.00,1390887156.000,1390887185.000,29.000
1390887186,1322.84,29.97,32.77,2.14,0.01,0.00,0,339,0.00,0.00,1390887156.000,1390887185.000,29.000
1390887191,1322.84,29.97,32.64,2.19,0.02,0.00,0,340,0.00,0.00,1390887189.000,1390887186.000,30.000
1390887191,1322.84,29.97,32.64,2.19,0.01,0.00,0,340,0.00,0.00,1390887189.000,1390887191.000,2.000
1390887192,1322.84,29.97,32.64,2.19,0.01,0.00,0,340,0.00,0.00,1390887189.000,1390887191.000,2.000
1390887193,1322.84,29.97,32.64,2.19,0.01,0.00,0,340,0.00,0.00,1390887189.000,1390887192.000,3.000
1390887193,1322.84,29.97,32.64,2.19,0.01,0.00,0,340,0.00,0.00,1390887189.000,1390887193.000,4.000
1390887194,1322.84,29.97,32.64,2.19,0.01,0.00,0,340,0.00,0.00,1390887189.000,1390887193.000,4.000
1390887194,1322.84,29.97,32.64,2.19,0.01,0.00,0,340,0.00,0.00,1390887189.000,1390887194.000,5.000
1390887195,1322.84,29.97,32.64,2.19,0.01,0.00,0,340,0.00,0.00,1390887189.000,1390887194.000,5.000
1390887196,1322.84,29.97,32.64,2.19,0.01,0.00,0,340,0.00,0.00,1390887189.000,1390887195.000,6.000
1390887196,1322.84,29.97,32.64,2.19,0.01,0.00,0,340,0.00,0.00,1390887189.000,1390887196.000,7.000
1390887197,1322.84,29.97,32.64,2.19,0.01,0.00,0,340,0.00,0.00,1390887189.000,1390887196.000,7.000
1390887197,1322.84,29.97,32.64,2.19,0.01,0.00,0,340,0.00,0.00,1390887189.000,1390887197.000,8.000
1390887198,1322.84,29.97,32.64,2.19,0.01,0.00,0,340,0.00,0.00,1390887189.000,1390887197.000,8.000
1390887198,1322.84,29.97,32.64,2.19,0.01,0.00,0,340,0.00,0.00,1390887189.000,1390887198.000,9.000
1390887199,1322.84,29.97,32.64,2.19,0.01,0.00,0,340,0.00,0.00,1390887189.000,1390887199.000,10.000
1390887200,1322.84,29.97,32.64,2.19,0.01,0.00,0,340,0.00,0.00,1390887189.000,1390887199.000,10.000
1390887200,1322.84,29.97,32.64,2.19,0.01,0.00,0,340,0.00,0.00,1390887189.000,1390887200.000,11.000
1390887201,1322.84,29.97,32.64,2.19,0.01,0.00,0,340,0.00,0.00,1390887189.000,1390887200.000,11.000
1390887201,1322.84,29.97,32.64,2.19,0.01,0.00,0,340,0.00,0.00,1390887189.000,1390887201.000,12.000
1390887202,1322.84,29.97,32.64,2.19,0.01,0.00,0,340,0.00,0.00,1390887189.000,1390887201.000,12.000
1390887203,1322.84,29.97,32.64,2.19,0.01,0.00,0,340,0.00,0.00,1390887189.000,1390887202.000,13.000
1390887205,1322.84,29.97,32.64,2.19,0.01,0.00,0,340,0.00,0.00,1390887189.000,1390887203.000,14.000
1390887205,1322.84,29.97,32.64,2.19,0.01,0.00,0,340,0.00,0.00,1390887189.000,1390887205.000,16.000
1390887206,1322.84,29.97,32.64,2.19,0.01,0.00,0,340,0.00,0.00,1390887189.000,1390887205.000,16.000
1390887206,1322.84,29.97,32.64,2.19,0.01,0.00,0,340,0.00,0.00,1390887189.000,1390887206.000,17.000
1390887207,1322.84,29.97,32.64,2.19,0.01,0.00,0,340,0.00,0.00,1390887189.000,1390887207.000,18.000
1390887208,1322.84,29.97,32.64,2.19,0.01,0.00,0,340,0.00,0.00,1390887189.000,1390887207.000,18.000
1390887208,1322.84,29.97,32.64,2.19,0.01,0.00,0,340,0.00,0.00,1390887189.000,1390887208.000,19.000
1390887209,1322.84,29.97,32.64,2.19,0.01,0.00,0,340,0.00,0.00,1390887189.000,1390887208.000,19.000
1390887210,1322.84,29.97,32.64,2.19,0.01,0.00,0,340,0.00,0.00,1390887189.000,1390887209.000,20.000
1390887210,1322.84,29.97,32.64,2.19,0.01,0.00,0,340,0.00,0.00,1390887189.000,1390887210.000,21.000
1390887211,1322.84,29.97,32.64,2.19,0.01,0.00,0,340,0.00,0.00,1390887189.000,1390887210.000,21.000
1390887212,1322.84,29.97,32.64,2.19,0.01,0.00,0,340,0.00,0.00,1390887189.000,1390887211.000,22.000
1390887213,1322.84,29.97,32.64,2.19,0.01,0.00,0,340,0.00,0.00,1390887189.000,1390887212.000,23.000
1390887213,1322.84,29.97,32.64,2.19,0.01,0.00,0,340,0.00,0.00,1390887189.000,1390887213.000,24.000
1390887214,1322.84,29.97,32.64,2.19,0.01,0.00,0,340,0.00,0.00,1390887189.000,1390887213.000,24.000
1390887215,1322.84,29.97,32.64,2.19,0.01,0.00,0,340,0.00,0.00,1390887189.000,1390887214.000,25.000
1390887215,1322.84,29.97,32.64,2.19,0.01,0.00,0,340,0.00,0.00,1390887189.000,1390887215.000,26.000
1390887216,1322.84,29.97,32.64,2.19,0.01,0.00,0,340,0.00,0.00,1390887189.000,1390887215.000,26.000
1390887216,1322.84,29.97,32.64,2.19,0.01,0.00,0,340,0.00,0.00,1390887189.000,1390887216.000,27.000
1390887217,1322.84,29.97,32.64,2.19,0.01,0.00,0,340,0.00,0.00,1390887189.000,1390887217.000,28.000
1390887218,1322.84,29.97,32.64,2.19,0.01,0.00,0,340,0.00,0.00,1390887189.000,1390887217.000,28.000
1390887218,1322.84,29.97,32.64,2.19,0.01,0.00,0,340,0.00,0.00,1390887189.000,1390887218.000,29.000
1390887219,1322.84,29.97,32.64,2.19,0.01,0.00,0,340,0.00,0.00,1390887189.000,1390887219.000,30.000
1390887220,1322.84,29.97,32.64,2.19,0.01,0.00,0,340,0.00,0.00,1390887189.000,1390887219.000,30.000
1390887225,1322.84,29.97,32.70,1.96,0.02,0.00,0,341,0.00,0.00,1390887222.000,1390887220.000,31.000
1390887225,1322.84,29.97,32.70,1.96,0.01,0.00,0,341,0.00,0.00,1390887222.000,1390887225.000,3.000
1390887225,1322.84,29.97,32.70,1.96,0.01,0.00,0,341,0.00,0.00,1390887222.000,1390887225.000,3.000
1390887226,1322.84,29.97,32.70,1.96,0.01,0.00,0,341,0.00,0.00,1390887222.000,1390887225.000,3.000
1390887227,1322.84,29.97,32.70,1.96,0.01,0.00,0,341,0.00,0.00,1390887222.000,1390887226.000,4.000
1390887227,1322.84,29.97,32.70,1.96,0.01,0.00,0,341,0.00,0.00,1390887222.000,1390887227.000,5.000
1390887228,1322.84,29.97,32.70,1.96,0.01,0.00,0,341,0.00,0.00,1390887222.000,1390887227.000,5.000
1390887228,1322.84,29.97,32.70,1.96,0.01,0.00,0,341,0.00,0.00,1390887222.000,1390887228.000,6.000
1390887229,1322.84,29.97,32.70,1.96,0.01,0.00,0,341,0.00,0.00,1390887222.000,1390887228.000,6.000
1390887229,1322.84,29.97,32.70,1.96,0.01,0.00,0,341,0.00,0.00,1390887222.000,1390887229.000,7.000
1390887230,1322.84,29.97,32.70,1.96,0.01,0.00,0,341,0.00,0.00,1390887222.000,1390887230.000,8.000
1390887231,1322.84,29.97,32.70,1.96,0.01,0.00,0,341,0.00,0.00,1390887222.000,1390887230.000,8.000
1390887231,1322.84,29.97,32.70,1.96,0.01,0.00,0,341,0.00,0.00,1390887222.000,1390887231.000,9.000
1390887232,1322.84,29.97,32.70,1.96,0.01,0.00,0,341,0.00,0.00,1390887222.000,1390887231.000,9.000
1390887232,1322.84,29.97,32.70,1.96,0.01,0.00,0,341,0.00,0.00,1390887222.000,1390887232.000,10.000
1390887233,1322.84,29.97,32.70,1.96,0.01,0.00,0,341,0.00,0.00,1390887222.000,1390887232.000,10.000
1390887234,1322.84,29.97,32.70,1.96,0.01,0.00,0,341,0.00,0.00,1390887222.000,1390887233.000,11.000
1390887234,1322.84,29.97,32.70,1.96,0.01,0.00,0,341,0.00,0.00,1390887222.000,1390887234.000,12.000
1390887235,1322.84,29.97,32.70,1.96,0.01,0.00,0,341,0.00,0.00,1390887222.000,1390887234.000,12.000
1390887235,1322.84,29.97,32.70,1.96,0.01,0.00,0,341,0.00,0.00,1390887222.000,1390887235.000,13.000
1390887236,1322.84,29.97,32.70,1.96,0.01,0.00,0,341,0.00,0.00,1390887222.000,1390887235.000,13.000
1390887238,1322.84,29.97,32.70,1.96,0.01,0.00,0,341,0.00,0.00,1390887222.000,1390887236.000,14.000
1390887239,1322.84,29.97,32.70,1.96,0.01,0.00,0,341,0.00,0.00,1390887222.000,1390887238.000,16.000
1390887239,1322.84,29.97,32.70,1.96,0.01,0.00,0,341,0.00,0.00,1390887222.000,1390887239.000,17.000
1390887240,1322.84,29.97,32.70,1.96,0.01,0.00,0,341,0.00,0.00,1390887222.000,1390887239.000,17.000
1390887240,1322.84,29.97,32.70,1.96,0.01,0.00,0,341,0.00,0.00,1390887222.000,1390887240.000,18.000
1390887241,1322.84,29.97,32.70,1.96,0.01,0.00,0,341,0.00,0.00,1390887222.000,1390887240.000,18.000
1390887241,1322.84,29.97,32.70,1.96,0.01,0.00,0,341,0.00,0.00,1390887222.000,1390887241.000,19.000
1390887242,1322.84,29.97,32.70,1.96,0.01,0.00,0,341,0.00,0.00,1390887222.000,1390887242.000,20.000
1390887243,1322.84,29.97,32.70,1.96,0.01,0.00,0,341,0.00,0.00,1390887222.000,1390887242.000,20.000
1390887244,1322.84,29.97,32.70,1.96,0.01,0.00,0,341,0.00,0.00,1390887222.000,1390887243.000,21.000
1390887245,1322.84,29.97,32.70,1.96,0.01,0.00,0,341,0.00,0.00,1390887222.000,1390887244.000,22.000
1390887245,1322.84,29.97,32.70,1.96,0.01,0.00,0,341,0.00,0.00,1390887222.000,1390887245.000,23.000
1390887246,1322.84,29.97,32.70,1.96,0.01,0.00,0,341,0.00,0.00,1390887222.000,1390887245.000,23.000
1390887246,1322.84,29.97,32.70,1.96,0.01,0.00,0,341,0.00,0.00,1390887222.000,1390887246.000,24.000
1390887247,1322.84,29.97,32.70,1.96,0.01,0.00,0,341,0.00,0.00,1390887222.000,1390887247.000,25.000
1390887248,1322.84,29.97,32.70,1.96,0.01,0.00,0,341,0.00,0.00,1390887222.000,1390887247.000,25.000
1390887249,1322.84,29.97,32.70,1.96,0.01,0.00,0,341,0.00,0.00,1390887222.000,1390887248.000,26.000
1390887249,1322.84,29.97,32.70,1.96,0.01,0.00,0,341,0.00,0.00,1390887222.000,1390887249.000,27.000
1390887250,1322.84,29.97,32.70,1.96,0.01,0.00,0,341,0.00,0.00,1390887222.000,1390887249.000,27.000
1390887250,1322.84,29.97,32.70,1.96,0.01,0.00,0,341,0.00,0.00,1390887222.000,1390887250.000,28.000
1390887251,1322.84,29.97,32.70,1.96,0.01,0.00,0,341,0.00,0.00,1390887222.000,1390887250.000,28.000
1390887252,1322.84,29.97,32.70,1.96,0.01,0.00,0,341,0.00,0.00,1390887222.000,1390887251.000,29.000
1390887252,1322.84,29.97,32.70,1.96,0.01,0.00,0,341,0.00,0.00,1390887222.000,1390887252.000,30.000
1390887253,1322.84,29.97,32.70,1.96,0.01,0.00,0,341,0.00,0.00,1390887222.000,1390887252.000,30.000
1390887258,1322.84,29.97,33.09,2.22,0.02,0.00,0,342,0.00,0.00,1390887256.000,1390887253.000,31.000
1390887258,1322.84,29.97,33.09,2.22,0.01,0.00,0,342,0.00,0.00,1390887256.000,1390887258.000,2.000
1390887259,1322.84,29.97,33.09,2.22,0.01,0.00,0,342,0.00,0.00,1390887256.000,1390887258.000,2.000
1390887260,1322.84,29.97,33.09,2.22,0.01,0.00,0,342,0.00,0.00,1390887256.000,1390887259.000,3.000
1390887260,1322.84,29.97,33.09,2.22,0.01,0.00,0,342,0.00,0.00,1390887256.000,1390887260.000,4.000
1390887261,1322.84,29.97,33.09,2.22,0.01,0.00,0,342,0.00,0.00,1390887256.000,1390887260.000,4.000
1390887261,1322.84,29.97,33.09,2.22,0.01,0.00,0,342,0.00,0.00,1390887256.000,1390887261.000,5.000
1390887262,1322.84,29.97,33.09,2.22,0.01,0.00,0,342,0.00,0.00,1390887256.000,1390887261.000,5.000
1390887263,1322.84,29.97,33.09,2.22,0.01,0.00,0,342,0.00,0.00,1390887256.000,1390887262.000,6.000
1390887263,1322.84,29.97,33.09,2.22,0.01,0.00,0,342,0.00,0.00,1390887256.000,1390887263.000,7.000
1390887264,1322.84,29.97,33.09,2.22,0.01,0.00,0,342,0.00,0.00,1390887256.000,1390887263.000,7.000
1390887264,1322.84,29.97,33.09,2.22,0.01,0.00,0,342,0.00,0.00,1390887256.000,1390887264.000,8.000
1390887265,1322.84,29.97,33.09,2.22,0.01,0.00,0,342,0.00,0.00,1390887256.000,1390887264.000,8.000
1390887265,1322.84,29.97,33.09,2.22,0.01,0.00,0,342,0.00,0.00,1390887256.000,1390887265.000,9.000
1390887266,1322.84,29.97,33.09,2.22,0.01,0.00,0,342,0.00,0.00,1390887256.000,1390887266.000,10.000
1390887267,1322.84,29.97,33.09,2.22,0.01,0.00,0,342,0.00,0.00,1390887256.000,1390887266.000,10.000
1390887267,1322.84,29.97,33.09,2.22,0.01,0.00,0,342,0.00,0.00,1390887256.000,1390887267.000,11.000
1390887268,1322.84,29.97,33.09,2.22,0.01,0.00,0,342,0.00,0.00,1390887256.000,1390887267.000,11.000
1390887268,1322.84,29.97,33.09,2.22,0.01,0.00,0,342,0.00,0.00,1390887256.000,1390887268.000,12.000
1390887269,1322.84,29.97,33.09,2.22,0.01,0.00,0,342,0.00,0.00,1390887256.000,1390887268.000,12.000
1390887270,1322.84,29.97,33.09,2.22,0.01,0.00,0,342,0.00,0.00,1390887256.000,1390887269.000,13.000
1390887272,1322.84,29.97,33.09,2.22,0.01,0.00,0,342,0.00,0.00,1390887256.000,1390887270.000,14.000
1390887272,1322.84,29.97,33.09,2.22,0.01,0.00,0,342,0.00,0.00,1390887256.000,1390887272.000,16.000
1390887273,1322.84,29.97,33.09,2.22,0.01,0.00,0,342,0.00,0.00,1390887256.000,1390887272.000,16.000
1390887273,1322.84,29.97,33.09,2.22,0.01,0.00,0,342,0.00,0.00,1390887256.000,1390887273.000,17.000
1390887274,1322.84,29.97,33.09,2.22,0.01,0.00,0,342,0.00,0.00,1390887256.000,1390887273.000,17.000
1390887274,1322.84,29.97,33.09,2.22,0.01,0.00,0,342,0.00,0.00,1390887256.000,1390887274.000,18.000
1390887275,1322.84,29.97,33.09,2.22,0.01,0.00,0,342,0.00,0.00,1390887256.000,1390887274.000,18.000
1390887276,1322.84,29.97,33.09,2.22,0.01,0.00,0,342,0.00,0.00,1390887256.000,1390887275.000,19.000
1390887277,1322.84,29.97,33.09,2.22,0.01,0.00,0,342,0.00,0.00,1390887256.000,1390887276.000,20.000
1390887277,1322.84,29.97,33.09,2.22,0.01,0.00,0,342,0.00,0.00,1390887256.000,1390887277.000,21.000
1390887278,1322.84,29.97,33.09,2.22,0.01,0.00,0,342,0.00,0.00,1390887256.000,1390887277.000,21.000
1390887279,1322.84,29.97,33.09,2.22,0.01,0.00,0,342,0.00,0.00,1390887256.000,1390887278.000,22.000
1390887279,1322.84,29.97,33.09,2.22,0.01,0.00,0,342,0.00,0.00,1390887256.000,1390887279.000,23.000
1390887280,1322.84,29.97,33.09,2.22,0.01,0.00,0,342,0.00,0.00,1390887256.000,1390887279.000,23.000
1390887281,1322.84,29.97,33.09,2.22,0.01,0.00,0,342,0.00,0.00,1390887256.000,1390887280.000,24.000
1390887281,1322.84,29.97,33.09,2.22,0.01,0.00,0,342,0.00,0.00,1390887256.000,1390887281.000,25.000
1390887282,1322.84,29.97,33.09,2.22,0.01,0.00,0,342,0.00,0.00,1390887256.000,1390887281.000,25.000
1390887283,1322.84,29.97,33.09,2.22,0.01,0.00,0,342,0.00,0.00,1390887256.000,1390887282.000,26.000
1390887283,1322.84,29.97,33.09,2.22,0.01,0.00,0,342,0.00,0.00,1390887256.000,1390887283.000,27.000
1390887284,1322.84,29.97,33.09,2.22,0.01,0.00,0,342,0.00,0.00,1390887256.000,1390887283.000,27.000
1390887285,1322.84,29.97,33.09,2.22,0.01,0.00,0,342,0.00,0.00,1390887256.000,1390887284.000,28.000
1390887285,1322.84,29.97,33.09,2.22,0.01,0.00,0,342,0.00,0.00,1390887256.000,1390887285.000,29.000
1390887286,1322.84,29.97,33.09,2.22,0.01,0.00,0,342,0.00,0.00,1390887256.000,1390887285.000,29.000
1390887286,1322.84,29.97,33.09,2.22,0.01,0.00,0,342,0.00,0.00,1390887256.000,1390887286.000,30.000
1390887292,1322.84,29.97,32.71,2.29,0.02,0.00,0,343,0.00,0.00,1390887289.000,1390887286.000,30.000
1390887292,1322.84,29.97,32.71,2.29,0.01,0.00,0,343,0.00,0.00,1390887289.000,1390887292.000,3.000
1390887292,1322.84,29.97,32.71,2.29,0.01,0.00,0,343,0.00,0.00,1390887289.000,1390887292.000,3.000
1390887293,1322.84,29.97,32.71,2.29,0.01,0.00,0,343,0.00,0.00,1390887289.000,1390887292.000,3.000
1390887294,1322.84,29.97,32.71,2.29,0.01,0.00,0,343,0.00,0.00,1390887289.000,1390887293.000,4.000
1390887294,1322.84,29.97,32.71,2.29,0.01,0.00,0,343,0.00,0.00,1390887289.000,1390887294.000,5.000
1390887295,1322.84,29.97,32.71,2.29,0.01,0.00,0,343,0.00,0.00,1390887289.000,1390887294.000,5.000
1390887295,1322.84,29.97,32.71,2.29,0.01,0.00,0,343,0.00,0.00,1390887289.000,1390887295.000,6.000
1390887296,1322.84,29.97,32.71,2.29,0.01,0.00,0,343,0.00,0.00,1390887289.000,1390887295.000,6.000
1390887297,1322.84,29.97,32.71,2.29,0.01,0.00,0,343,0.00,0.00,1390887289.000,1390887296.000,7.000
1390887297,1322.84,29.97,32.71,2.29,0.01,0.00,0,343,0.00,0.00,1390887289.000,1390887297.000,8.000
1390887298,1322.84,29.97,32.71,2.29,0.01,0.00,0,343,0.00,0.00,1390887289.000,1390887297.000,8.000
1390887298,1322.84,29.97,32.71,2.29,0.01,0.00,0,343,0.00,0.00,1390887289.000,1390887298.000,9.000
1390887299,1322.84,29.97,32.71,2.29,0.01,0.00,0,343,0.00,0.00,1390887289.000,1390887298.000,9.000
1390887300,1322.84,29.97,32.71,2.29,0.01,0.00,0,343,0.00,0.00,1390887289.000,1390887299.000,10.000
1390887300,1322.84,29.97,32.71,2.29,0.01,0.00,0,343,0.00,0.00,1390887289.000,1390887300.000,11.000
1390887301,1322.84,29.97,32.71,2.29,0.01,0.00,0,343,0.00,0.00,1390887289.000,1390887300.000,11.000
1390887301,1322.84,29.97,32.71,2.29,0.01,0.00,0,343,0.00,0.00,1390887289.000,1390887301.000,12.000
1390887302,1322.84,29.97,32.71,2.29,0.01,0.00,0,343,0.00,0.00,1390887289.000,1390887301.000,12.000
1390887302,1322.84,29.97,32.71,2.29,0.01,0.00,0,343,0.00,0.00,1390887289.000,1390887302.000,13.000
1390887303,1322.84,29.97,32.71,2.29,0.01,0.00,0,343,0.00,0.00,1390887289.000,1390887302.000,13.000
1390887305,1322.84,29.97,32.71,2.29,0.01,0.00,0,343,0.00,0.00,1390887289.000,1390887303.000,14.000
1390887306,1322.84,29.97,32.71,2.29,0.01,0.00,0,343,0.00,0.00,1390887289.000,1390887305.000,16.000
1390887306,1322.84,29.97,32.71,2.29,0.01,0.00,0,343,0.00,0.00,1390887289.000,1390887306.000,17.000
1390887307,1322.84,29.97,32.71,2.29,0.01,0.00,0,343,0.00,0.00,1390887289.000,1390887306.000,17.000
1390887307,1322.84,29.97,32.71,2.29,0.01,0.00,0,343,0.00,0.00,1390887289.000,1390887307.000,18.000
1390887308,1322.84,29.97,32.71,2.29,0.01,0.00,0,343,0.00,0.00,1390887289.000,1390887307.000,18.000
1390887308,1322.84,29.97,32.71,2.29,0.01,0.00,0,343,0.00,0.00,1390887289.000,1390887308.000,19.000
1390887309,1322.84,29.97,32.71,2.29,0.01,0.00,0,343,0.00,0.00,1390887289.000,1390887309.000,20.000
1390887310,1322.84,29.97,32.71,2.29,0.01,0.00,0,343,0.00,0.00,1390887289.000,1390887309.000,20.000
1390887311,1322.84,29.97,32.71,2.29,0.01,0.00,0,343,0.00,0.00,1390887289.000,1390887310.000,21.000
1390887311,1322.84,29.97,32.71,2.29,0.01,0.00,0,343,0.00,0.00,1390887289.000,1390887311.000,22.000
1390887312,1322.84,29.97,32.71,2.29,0.01,0.00,0,343,0.00,0.00,1390887289.000,1390887311.000,22.000
1390887313,1322.84,29.97,32.71,2.29,0.01,0.00,0,343,0.00,0.00,1390887289.000,1390887312.000,23.000
1390887314,1322.84,29.97,32.71,2.29,0.01,0.00,0,343,0.00,0.00,1390887289.000,1390887313.000,24.000
1390887314,1322.84,29.97,32.71,2.29,0.01,0.00,0,343,0.00,0.00,1390887289.000,1390887314.000,25.000
1390887315,1322.84,29.97,32.71,2.29,0.01,0.00,0,343,0.00,0.00,1390887289.000,1390887314.000,25.000
1390887316,1322.84,29.97,32.71,2.29,0.01,0.00,0,343,0.00,0.00,1390887289.000,1390887315.000,26.000
1390887316,1322.84,29.97,32.71,2.29,0.01,0.00,0,343,0.00,0.00,1390887289.000,1390887316.000,27.000
1390887317,1322.84,29.97,32.71,2.29,0.01,0.00,0,343,0.00,0.00,1390887289.000,1390887316.000,27.000
1390887317,1322.84,29.97,32.71,2.29,0.01,0.00,0,343,0.00,0.00,1390887289.000,1390887317.000,28.000
1390887318,1322.84,29.97,32.71,2.29,0.01,0.00,0,343,0.00,0.00,1390887289.000,1390887317.000,28.000
1390887319,1322.84,29.97,32.71,2.29,0.01,0.00,0,343,0.00,0.00,1390887289.000,1390887318.000,29.000
1390887319,1322.84,29.97,32.71,2.29,0.01,0.00,0,343,0.00,0.00,1390887289.000,1390887319.000,30.000
1390887322,1322.84,29.97,32.71,2.29,0.01,0.00,0,343,0.00,0.00,1390887289.000,1390887319.000,30.000
1390887322,1322.84,29.97,32.71,2.29,0.02,0.00,0,343,0.00,0.00,1390887289.000,1390887322.000,33.000
1390887326,1322.84,29.97,33.38,2.56,0.02,0.00,0,344,0.00,0.00,1390887323.000,1390887322.000,33.000
1390887326,1322.84,29.97,33.38,2.56,0.01,0.00,0,344,0.00,0.00,1390887323.000,1390887326.000,3.000
1390887326,1322.84,29.97,33.38,2.56,0.01,0.00,0,344,0.00,0.00,1390887323.000,1390887326.000,3.000
1390887328,1322.84,29.97,33.38,2.56,0.01,0.00,0,344,0.00,0.00,1390887323.000,1390887326.000,3.000
1390887328,1322.84,29.97,33.38,2.56,0.01,0.00,0,344,0.00,0.00,1390887323.000,1390887328.000,5.000
1390887329,1322.84,29.97,33.38,2.56,0.01,0.00,0,344,0.00,0.00,1390887323.000,1390887328.000,5.000
1390887329,1322.84,29.97,33.38,2.56,0.01,0.00,0,344,0.00,0.00,1390887323.000,1390887329.000,6.000
1390887330,1322.84,29.97,33.38,2.56,0.01,0.00,0,344,0.00,0.00,1390887323.000,1390887329.000,6.000
1390887330,1322.84,29.97,33.38,2.56,0.01,0.00,0,344,0.00,0.00,1390887323.000,1390887330.000,7.000
1390887331,1322.84,29.97,33.38,2.56,0.01,0.00,0,344,0.00,0.00,1390887323.000,1390887330.000,7.000
1390887332,1322.84,29.97,33.38,2.56,0.01,0.00,0,344,0.00,0.00,1390887323.000,1390887331.000,8.000
1390887332,1322.84,29.97,33.38,2.56,0.01,0.00,0,344,0.00,0.00,1390887323.000,1390887332.000,9.000
1390887333,1322.84,29.97,33.38,2.56,0.01,0.00,0,344,0.00,0.00,1390887323.000,1390887332.000,9.000
1390887334,1322.84,29.97,33.38,2.56,0.01,0.00,0,344,0.00,0.00,1390887323.000,1390887333.000,10.000
1390887334,1322.84,29.97,33.38,2.56,0.01,0.00,0,344,0.00,0.00,1390887323.000,1390887334.000,11.000
1390887335,1322.84,29.97,33.38,2.56,0.01,0.00,0,344,0.00,0.00,1390887323.000,1390887334.000,11.000
1390887335,1322.84,29.97,33.38,2.56,0.01,0.00,0,344,0.00,0.00,1390887323.000,1390887335.000,12.000
1390887336,1322.84,29.97,33.38,2.56,0.01,0.00,0,344,0.00,0.00,1390887323.000,1390887335.000,12.000
1390887339,1322.84,29.97,33.38,2.56,0.01,0.00,0,344,0.00,0.00,1390887323.000,1390887336.000,13.000
1390887339,1322.84,29.97,33.38,2.56,0.01,0.00,0,344,0.00,0.00,1390887323.000,1390887339.000,16.000
1390887340,1322.84,29.97,33.38,2.56,0.01,0.00,0,344,0.00,0.00,1390887323.000,1390887339.000,16.000
1390887340,1322.84,29.97,33.38,2.56,0.01,0.00,0,344,0.00,0.00,1390887323.000,1390887340.000,17.000
1390887341,1322.84,29.97,33.38,2.56,0.01,0.00,0,344,0.00,0.00,1390887323.000,1390887340.000,17.000
1390887341,1322.84,29.97,33.38,2.56,0.01,0.00,0,344,0.00,0.00,1390887323.000,1390887341.000,18.000
1390887342,1322.84,29.97,33.38,2.56,0.01,0.00,0,344,0.00,0.00,1390887323.000,1390887341.000,18.000
1390887343,1322.84,29.97,33.38,2.56,0.01,0.00,0,344,0.00,0.00,1390887323.000,1390887342.000,19.000
1390887344,1322.84,29.97,33.38,2.56,0.01,0.00,0,344,0.00,0.00,1390887323.000,1390887343.000,20.000
1390887345,1322.84,29.97,33.38,2.56,0.02,0.00,0,344,0.00,0.00,1390887323.000,1390887344.000,21.000
1390887345,1322.84,29.97,33.38,2.56,0.01,0.00,0,344,0.00,0.00,1390887323.000,1390887345.000,22.000
1390887346,1322.84,29.97,33.38,2.56,0.01,0.00,0,344,0.00,0.00,1390887323.000,1390887346.000,23.000
1390887347,1322.84,29.97,33.38,2.56,0.01,0.00,0,344,0.00,0.00,1390887323.000,1390887346.000,23.000
1390887348,1322.84,29.97,33.38,2.56,0.01,0.00,0,344,0.00,0.00,1390887323.000,1390887347.000,24.000
1390887348,1322.84,29.97,33.38,2.56,0.01,0.00,0,344,0.00,0.00,1390887323.000,1390887348.000,25.000
1390887349,1322.84,29.97,33.38,2.56,0.01,0.00,0,344,0.00,0.00,1390887323.000,1390887348.000,25.000
1390887349,1322.84,29.97,33.38,2.56,0.01,0.00,0,344,0.00,0.00,1390887323.000,1390887349.000,26.000
1390887350,1322.84,29.97,33.38,2.56,0.01,0.00,0,344,0.00,0.00,1390887323.000,1390887350.000,27.000
1390887351,1322.84,29.97,33.38,2.56,0.01,0.00,0,344,0.00,0.00,1390887323.000,1390887350.000,27.000
1390887352,1322.84,29.97,33.38,2.56,0.01,0.00,0,344,0.00,0.00,1390887323.000,1390887351.000,28.000
1390887352,1322.84,29.97,33.38,2.56,0.01,0.00,0,344,0.00,0.00,1390887323.000,1390887352.000,29.000
1390887353,1322.84,29.97,33.38,2.56,0.01,0.00,0,344,0.00,0.00,1390887323.000,1390887352.000,29.000
1390887356,1322.84,29.97,32.52,2.56,0.03,0.00,0,344,0.00,0.00,1390887323.000,1390887353.000,30.000
1390887356,1322.84,29.97,32.52,2.56,0.03,0.00,0,344,0.00,0.00,1390887323.000,1390887356.000,33.000
1390887360,1322.84,29.97,32.52,2.71,0.03,0.00,0,345,0.00,0.00,1390887356.000,1390887356.000,33.000
1390887360,1322.84,29.97,32.52,2.71,0.01,0.00,0,345,0.00,0.00,1390887356.000,1390887360.000,4.000
1390887360,1322.84,29.97,32.52,2.71,0.02,0.00,0,345,0.00,0.00,1390887356.000,1390887360.000,4.000
1390887361,1322.84,29.97,32.52,2.71,0.01,0.00,0,345,0.00,0.00,1390887356.000,1390887360.000,4.000
1390887362,1322.84,29.97,32.52,2.71,0.01,0.00,0,345,0.00,0.00,1390887356.000,1390887361.000,5.000
1390887362,1322.84,29.97,32.52,2.71,0.01,0.00,0,345,0.00,0.00,1390887356.000,1390887362.000,6.000
1390887363,1322.84,29.97,32.52,2.71,0.01,0.00,0,345,0.00,0.00,1390887356.000,1390887362.000,6.000
1390887363,1322.84,29.97,32.52,2.71,0.01,0.00,0,345,0.00,0.00,1390887356.000,1390887363.000,7.000
1390887364,1322.84,29.97,32.52,2.71,0.01,0.00,0,345,0.00,0.00,1390887356.000,1390887363.000,7.000
1390887365,1322.84,29.97,32.52,2.71,0.01,0.00,0,345,0.00,0.00,1390887356.000,1390887364.000,8.000
1390887365,1322.84,29.97,32.52,2.71,0.01,0.00,0,345,0.00,0.00,1390887356.000,1390887365.000,9.000
1390887366,1322.84,29.97,32.52,2.71,0.01,0.00,0,345,0.00,0.00,1390887356.000,1390887365.000,9.000
1390887366,1322.84,29.97,32.52,2.71,0.01,0.00,0,345,0.00,0.00,1390887356.000,1390887366.000,10.000
1390887367,1322.84,29.97,32.52,2.71,0.01,0.00,0,345,0.00,0.00,1390887356.000,1390887366.000,10.000
1390887368,1322.84,29.97,32.52,2.71,0.01,0.00,0,345,0.00,0.00,1390887356.000,1390887367.000,11.000
1390887368,1322.84,29.97,32.52,2.71,0.01,0.00,0,345,0.00,0.00,1390887356.000,1390887368.000,12.000
1390887369,1322.84,29.97,32.52,2.71,0.01,0.00,0,345,0.00,0.00,1390887356.000,1390887368.000,12.000
1390887370,1322.84,29.97,32.52,2.71,0.01,0.00,0,345,0.00,0.00,1390887356.000,1390887369.000,13.000
1390887372,1322.84,29.97,32.52,2.71,0.01,0.00,0,345,0.00,0.00,1390887356.000,1390887370.000,14.000
1390887372,1322.84,29.97,32.52,2.71,0.02,0.00,0,345,0.00,0.00,1390887356.000,1390887372.000,16.000
1390887373,1322.84,29.97,32.52,2.71,0.02,0.00,0,345,0.00,0.00,1390887356.000,1390887372.000,16.000
1390887373,1322.84,29.97,32.52,2.71,0.01,0.00,0,345,0.00,0.00,1390887356.000,1390887373.000,17.000
1390887374,1322.84,29.97,32.52,2.71,0.01,0.00,0,345,0.00,0.00,1390887356.000,1390887373.000,17.000
1390887374,1322.84,29.97,32.52,2.71,0.01,0.00,0,345,0.00,0.00,1390887356.000,1390887374.000,18.000
1390887375,1322.84,29.97,32.52,2.71,0.02,0.00,0,345,0.00,0.00,1390887356.000,1390887375.000,19.000
1390887376,1322.84,29.97,32.52,2.71,0.01,0.00,0,345,0.00,0.00,1390887356.000,1390887375.000,19.000
1390887377,1322.84,29.97,32.52,2.71,0.01,0.00,0,345,0.00,0.00,1390887356.000,1390887376.000,20.000
1390887378,1322.84,29.97,32.52,2.71,0.01,0.00,0,345,0.00,0.00,1390887356.000,1390887377.000,21.000
1390887379,1322.84,29.97,32.52,2.71,0.01,0.00,0,345,0.00,0.00,1390887356.000,1390887378.000,22.000
1390887379,1322.84,29.97,32.52,2.71,0.01,0.00,0,345,0.00,0.00,1390887356.000,1390887379.000,23.000
1390887380,1322.84,29.97,32.52,2.71,0.01,0.00,0,345,0.00,0.00,1390887356.000,1390887379.000,23.000
1390887381,1322.84,29.97,32.52,2.71,0.01,0.00,0,345,0.00,0.00,1390887356.000,1390887380.000,24.000
1390887382,1322.84,29.97,32.52,2.71,0.01,0.00,0,345,0.00,0.00,1390887356.000,1390887381.000,25.000
1390887382,1322.84,29.97,32.52,2.71,0.01,0.00,0,345,0.00,0.00,1390887356.000,1390887382.000,26.000
1390887383,1322.84,29.97,32.52,2.71,0.01,0.00,0,345,0.00,0.00,1390887356.000,1390887382.000,26.000
1390887383,1322.84,29.97,32.52,2.71,0.01,0.00,0,345,0.00,0.00,1390887356.000,1390887383.000,27.000
1390887384,1322.84,29.97,32.52,2.71,0.01,0.00,0,345,0.00,0.00,1390887356.000,1390887383.000,27.000
1390887385,1322.84,29.97,32.52,2.71,0.01,0.00,0,345,0.00,0.00,1390887356.000,1390887384.000,28.000
1390887385,1322.84,29.97,32.52,2.71,0.01,0.00,0,345,0.00,0.00,1390887356.000,1390887385.000,29.000
1390887386,1322.84,29.97,32.52,2.71,0.01,0.00,0,345,0.00,0.00,1390887356.000,1390887385.000,29.000
1390887389,1322.84,29.97,32.41,2.71,0.03,0.00,0,345,0.00,0.00,1390887356.000,1390887386.000,30.000
1390887392,1322.84,29.97,32.41,2.45,0.02,0.00,0,346,0.00,0.00,1390887389.000,1390887389.000,33.000
1390887392,1322.84,29.97,32.41,2.45,0.01,0.00,0,346,0.00,0.00,1390887389.000,1390887392.000,3.000
1390887393,1322.84,29.97,32.41,2.45,0.01,0.00,0,346,0.00,0.00,1390887389.000,1390887392.000,3.000
1390887394,1322.84,29.97,32.41,2.45,0.01,0.00,0,346,0.00,0.00,1390887389.000,1390887393.000,4.000
1390887394,1322.84,29.97,32.41,2.45,0.01,0.00,0,346,0.00,0.00,1390887389.000,1390887394.000,5.000
1390887395,1322.84,29.97,32.41,2.45,0.02,0.00,0,346,0.00,0.00,1390887389.000,1390887394.000,5.000
1390887395,1322.84,29.97,32.41,2.45,0.01,0.00,0,346,0.00,0.00,1390887389.000,1390887395.000,6.000
1390887396,1322.84,29.97,32.41,2.45,0.01,0.00,0,346,0.00,0.00,1390887389.000,1390887395.000,6.000
1390887397,1322.84,29.97,32.41,2.45,0.01,0.00,0,346,0.00,0.00,1390887389.000,1390887396.000,7.000
1390887397,1322.84,29.97,32.41,2.45,0.01,0.00,0,346,0.00,0.00,1390887389.000,1390887397.000,8.000
1390887398,1322.84,29.97,32.41,2.45,0.01,0.00,0,346,0.00,0.00,1390887389.000,1390887397.000,8.000
1390887398,1322.84,29.97,32.41,2.45,0.01,0.00,0,346,0.00,0.00,1390887389.000,1390887398.000,9.000
1390887399,1322.84,29.97,32.41,2.45,0.01,0.00,0,346,0.00,0.00,1390887389.000,1390887398.000,9.000
1390887400,1322.84,29.97,32.41,2.45,0.01,0.00,0,346,0.00,0.00,1390887389.000,1390887399.000,10.000
1390887400,1322.84,29.97,32.41,2.45,0.01,0.00,0,346,0.00,0.00,1390887389.000,1390887400.000,11.000
1390887401,1322.84,29.97,32.41,2.45,0.01,0.00,0,346,0.00,0.00,1390887389.000,1390887400.000,11.000
1390887401,1322.84,29.97,32.41,2.45,0.01,0.00,0,346,0.00,0.00,1390887389.000,1390887401.000,12.000
1390887402,1322.84,29.97,32.41,2.45,0.01,0.00,0,346,0.00,0.00,1390887389.000,1390887401.000,12.000
1390887403,1322.84,29.97,32.41,2.45,0.01,0.00,0,346,0.00,0.00,1390887389.000,1390887402.000,13.000
1390887405,1322.84,29.97,32.41,2.45,0.01,0.00,0,346,0.00,0.00,1390887389.000,1390887403.000,14.000
1390887405,1322.84,29.97,32.41,2.45,0.01,0.00,0,346,0.00,0.00,1390887389.000,1390887405.000,16.000
1390887406,1322.84,29.97,32.41,2.45,0.01,0.00,0,346,0.00,0.00,1390887389.000,1390887405.000,16.000
1390887407,1322.84,29.97,32.41,2.45,0.01,0.00,0,346,0.00,0.00,1390887389.000,1390887406.000,17.000
1390887407,1322.84,29.97,32.41,2.45,0.01,0.00,0,346,0.00,0.00,1390887389.000,1390887407.000,18.000
1390887408,1322.84,29.97,32.41,2.45,0.01,0.00,0,346,0.00,0.00,1390887389.000,1390887407.000,18.000
1390887408,1322.84,29.97,32.41,2.45,0.01,0.00,0,346,0.00,0.00,1390887389.000,1390887408.000,19.000
1390887409,1322.84,29.97,32.41,2.45,0.01,0.00,0,346,0.00,0.00,1390887389.000,1390887408.000,19.000
1390887410,1322.84,29.97,32.41,2.45,0.01,0.00,0,346,0.00,0.00,1390887389.000,1390887409.000,20.000
1390887411,1322.84,29.97,32.41,2.45,0.01,0.00,0,346,0.00,0.00,1390887389.000,1390887410.000,21.000
1390887412,1322.84,29.97,32.41,2.45,0.01,0.00,0,346,0.00,0.00,1390887389.000,1390887411.000,22.000
1390887412,1322.84,29.97,32.41,2.45,0.01,0.00,0,346,0.00,0.00,1390887389.000,1390887412.000,23.000
1390887413,1322.84,29.97,32.41,2.45,0.01,0.00,0,346,0.00,0.00,1390887389.000,1390887413.000,24.000
1390887414,1322.84,29.97,32.41,2.45,0.02,0.00,0,346,0.00,0.00,1390887389.000,1390887413.000,24.000
1390887415,1322.84,29.97,32.41,2.45,0.01,0.00,0,346,0.00,0.00,1390887389.000,1390887414.000,25.000
1390887415,1322.84,29.97,32.41,2.45,0.01,0.00,0,346,0.00,0.00,1390887389.000,1390887415.000,26.000
1390887416,1322.84,29.97,32.41,2.45,0.01,0.00,0,346,0.00,0.00,1390887389.000,1390887415.000,26.000
1390887416,1322.84,29.97,32.41,2.45,0.01,0.00,0,346,0.00,0.00,1390887389.000,1390887416.000,27.000
1390887417,1322.84,29.97,32.41,2.45,0.01,0.00,0,346,0.00,0.00,1390887389.000,1390887416.000,27.000
1390887418,1322.84,29.97,32.41,2.45,0.01,0.00,0,346,0.00,0.00,1390887389.000,1390887417.000,28.000
1390887419,1322.84,29.97,32.41,2.45,0.01,0.00,0,346,0.00,0.00,1390887389.000,1390887418.000,29.000
1390887419,1322.84,29.97,32.41,2.45,0.01,0.00,0,346,0.00,0.00,1390887389.000,1390887419.000,30.000
1390887420,1322.84,29.97,32.41,2.45,0.01,0.00,0,346,0.00,0.00,1390887389.000,1390887419.000,30.000
1390887425,1322.84,29.97,32.65,2.20,0.03,0.00,0,347,0.00,0.00,1390887422.000,1390887420.000,31.000
1390887425,1322.84,29.97,32.65,2.20,0.01,0.00,0,347,0.00,0.00,1390887422.000,1390887425.000,3.000
1390887425,1322.84,29.97,32.65,2.20,0.01,0.00,0,347,0.00,0.00,1390887422.000,1390887425.000,3.000
1390887427,1322.84,29.97,32.65,2.20,0.01,0.00,0,347,0.00,0.00,1390887422.000,1390887425.000,3.000
1390887427,1322.84,29.97,32.65,2.20,0.01,0.00,0,347,0.00,0.00,1390887422.000,1390887427.000,5.000
1390887428,1322.84,29.97,32.65,2.20,0.01,0.00,0,347,0.00,0.00,1390887422.000,1390887427.000,5.000
1390887428,1322.84,29.97,32.65,2.20,0.01,0.00,0,347,0.00,0.00,1390887422.000,1390887428.000,6.000
1390887429,1322.84,29.97,32.65,2.20,0.01,0.00,0,347,0.00,0.00,1390887422.000,1390887428.000,6.000
1390887429,1322.84,29.97,32.65,2.20,0.01,0.00,0,347,0.00,0.00,1390887422.000,1390887429.000,7.000
1390887430,1322.84,29.97,32.65,2.20,0.01,0.00,0,347,0.00,0.00,1390887422.000,1390887429.000,7.000
1390887431,1322.84,29.97,32.65,2.20,0.01,0.00,0,347,0.00,0.00,1390887422.000,1390887430.000,8.000
1390887431,1322.84,29.97,32.65,2.20,0.01,0.00,0,347,0.00,0.00,1390887422.000,1390887431.000,9.000
1390887432,1322.84,29.97,32.65,2.20,0.01,0.00,0,347,0.00,0.00,1390887422.000,1390887431.000,9.000
1390887432,1322.84,29.97,32.65,2.20,0.01,0.00,0,347,0.00,0.00,1390887422.000,1390887432.000,10.000
1390887433,1322.84,29.97,32.65,2.20,0.01,0.00,0,347,0.00,0.00,1390887422.000,1390887432.000,10.000
1390887434,1322.84,29.97,32.65,2.20,0.01,0.00,0,347,0.00,0.00,1390887422.000,1390887433.000,11.000
1390887434,1322.84,29.97,32.65,2.20,0.01,0.00,0,347,0.00,0.00,1390887422.000,1390887434.000,12.000
1390887435,1322.84,29.97,32.65,2.20,0.01,0.00,0,347,0.00,0.00,1390887422.000,1390887434.000,12.000
1390887436,1322.84,29.97,32.65,2.20,0.01,0.00,0,347,0.00,0.00,1390887422.000,1390887435.000,13.000
1390887436,1322.84,29.97,32.65,2.20,0.01,0.00,0,347,0.00,0.00,1390887422.000,1390887436.000,14.000
1390887439,1322.84,29.97,32.65,2.20,0.01,0.00,0,347,0.00,0.00,1390887422.000,1390887436.000,14.000
1390887439,1322.84,29.97,32.65,2.20,0.01,0.00,0,347,0.00,0.00,1390887422.000,1390887439.000,17.000
1390887439,1322.84,29.97,32.65,2.20,0.01,0.00,0,347,0.00,0.00,1390887422.000,1390887439.000,17.000
1390887440,1322.84,29.97,32.65,2.20,0.01,0.00,0,347,0.00,0.00,1390887422.000,1390887439.000,17.000
1390887441,1322.84,29.97,32.65,2.20,0.01,0.00,0,347,0.00,0.00,1390887422.000,1390887440.000,18.000
1390887441,1322.84,29.97,32.65,2.20,0.01,0.00,0,347,0.00,0.00,1390887422.000,1390887441.000,19.000
1390887442,1322.84,29.97,32.65,2.20,0.01,0.00,0,347,0.00,0.00,1390887422.000,1390887441.000,19.000
1390887443,1322.84,29.97,32.65,2.20,0.01,0.00,0,347,0.00,0.00,1390887422.000,1390887442.000,20.000
1390887443,1322.84,29.97,32.65,2.20,0.02,0.00,0,347,0.00,0.00,1390887422.000,1390887443.000,21.000
1390887444,1322.84,29.97,32.65,2.20,0.01,0.00,0,347,0.00,0.00,1390887422.000,1390887443.000,21.000
1390887445,1322.84,29.97,32.65,2.20,0.01,0.00,0,347,0.00,0.00,1390887422.000,1390887444.000,22.000
1390887446,1322.84,29.97,32.65,2.20,0.01,0.00,0,347,0.00,0.00,1390887422.000,1390887445.000,23.000
1390887446,1322.84,29.97,32.65,2.20,0.01,0.00,0,347,0.00,0.00,1390887422.000,1390887446.000,24.000
1390887447,1322.84,29.97,32.65,2.20,0.01,0.00,0,347,0.00,0.00,1390887422.000,1390887446.000,24.000
1390887448,1322.84,29.97,32.65,2.20,0.01,0.00,0,347,0.00,0.00,1390887422.000,1390887447.000,25.000
1390887449,1322.84,29.97,32.65,2.20,0.01,0.00,0,347,0.00,0.00,1390887422.000,1390887448.000,26.000
1390887449,1322.84,29.97,32.65,2.20,0.01,0.00,0,347,0.00,0.00,1390887422.000,1390887449.000,27.000
1390887450,1322.84,29.97,32.65,2.20,0.01,0.00,0,347,0.00,0.00,1390887422.000,1390887449.000,27.000
1390887450,1322.84,29.97,32.65,2.20,0.01,0.00,0,347,0.00,0.00,1390887422.000,1390887450.000,28.000
1390887451,1322.84,29.97,32.65,2.20,0.01,0.00,0,347,0.00,0.00,1390887422.000,1390887450.000,28.000
1390887452,1322.84,29.97,32.65,2.20,0.01,0.00,0,347,0.00,0.00,1390887422.000,1390887451.000,29.000
1390887453,1322.84,29.97,32.65,2.20,0.01,0.00,0,347,0.00,0.00,1390887422.000,1390887452.000,30.000
1390887453,1322.84,29.97,32.65,2.20,0.01,0.00,0,347,0.00,0.00,1390887422.000,1390887453.000,31.000
1390887458,1322.84,29.97,32.75,2.32,0.02,0.00,0,348,0.00,0.00,1390887456.000,1390887453.000,31.000
1390887458,1322.84,29.97,32.75,2.32,0.01,0.00,0,348,0.00,0.00,1390887456.000,1390887458.000,2.000
1390887459,1322.84,29.97,32.75,2.32,0.01,0.00,0,348,0.00,0.00,1390887456.000,1390887458.000,2.000
1390887460,1322.84,29.97,32.75,2.32,0.01,0.00,0,348,0.00,0.00,1390887456.000,1390887459.000,3.000
1390887460,1322.84,29.97,32.75,2.32,0.01,0.00,0,348,0.00,0.00,1390887456.000,1390887460.000,4.000
1390887461,1322.84,29.97,32.75,2.32,0.01,0.00,0,348,0.00,0.00,1390887456.000,1390887460.000,4.000
1390887461,1322.84,29.97,32.75,2.32,0.01,0.00,0,348,0.00,0.00,1390887456.000,1390887461.000,5.000
1390887462,1322.84,29.97,32.75,2.32,0.01,0.00,0,348,0.00,0.00,1390887456.000,1390887461.000,5.000
1390887462,1322.84,29.97,32.75,2.32,0.01,0.00,0,348,0.00,0.00,1390887456.000,1390887462.000,6.000
1390887463,1322.84,29.97,32.75,2.32,0.01,0.00,0,348,0.00,0.00,1390887456.000,1390887462.000,6.000
1390887464,1322.84,29.97,32.75,2.32,0.01,0.00,0,348,0.00,0.00,1390887456.000,1390887463.000,7.000
1390887464,1322.84,29.97,32.75,2.32,0.01,0.00,0,348,0.00,0.00,1390887456.000,1390887464.000,8.000
1390887465,1322.84,29.97,32.75,2.32,0.01,0.00,0,348,0.00,0.00,1390887456.000,1390887464.000,8.000
1390887465,1322.84,29.97,32.75,2.32,0.01,0.00,0,348,0.00,0.00,1390887456.000,1390887465.000,9.000
1390887466,1322.84,29.97,32.75,2.32,0.01,0.00,0,348,0.00,0.00,1390887456.000,1390887465.000,9.000
1390887467,1322.84,29.97,32.75,2.32,0.01,0.00,0,348,0.00,0.00,1390887456.000,1390887466.000,10.000
1390887467,1322.84,29.97,32.75,2.32,0.01,0.00,0,348,0.00,0.00,1390887456.000,1390887467.000,11.000
1390887468,1322.84,29.97,32.75,2.32,0.01,0.00,0,348,0.00,0.00,1390887456.000,1390887467.000,11.000
1390887468,1322.84,29.97,32.75,2.32,0.01,0.00,0,348,0.00,0.00,1390887456.000,1390887468.000,12.000
1390887469,1322.84,29.97,32.75,2.32,0.01,0.00,0,348,0.00,0.00,1390887456.000,1390887468.000,12.000
1390887470,1322.84,29.97,32.75,2.32,0.01,0.00,0,348,0.00,0.00,1390887456.000,1390887469.000,13.000
1390887472,1322.84,29.97,32.75,2.32,0.01,0.00,0,348,0.00,0.00,1390887456.000,1390887470.000,14.000
1390887472,1322.84,29.97,32.75,2.32,0.01,0.00,0,348,0.00,0.00,1390887456.000,1390887472.000,16.000
1390887473,1322.84,29.97,32.75,2.32,0.01,0.00,0,348,0.00,0.00,1390887456.000,1390887472.000,16.000
1390887473,1322.84,29.97,32.75,2.32,0.01,0.00,0,348,0.00,0.00,1390887456.000,1390887473.000,17.000
1390887474,1322.84,29.97,32.75,2.32,0.01,0.00,0,348,0.00,0.00,1390887456.000,1390887473.000,17.000
1390887474,1322.84,29.97,32.75,2.32,0.01,0.00,0,348,0.00,0.00,1390887456.000,1390887474.000,18.000
1390887475,1322.84,29.97,32.75,2.32,0.01,0.00,0,348,0.00,0.00,1390887456.000,1390887474.000,18.000
1390887476,1322.84,29.97,32.75,2.32,0.01,0.00,0,348,0.00,0.00,1390887456.000,1390887475.000,19.000
1390887477,1322.84,29.97,32.75,2.32,0.01,0.00,0,348,0.00,0.00,1390887456.000,1390887476.000,20.000
1390887477,1322.84,29.97,32.75,2.32,0.01,0.00,0,348,0.00,0.00,1390887456.000,1390887477.000,21.000
1390887478,1322.84,29.97,32.75,2.32,0.01,0.00,0,348,0.00,0.00,1390887456.000,1390887477.000,21.000
1390887479,1322.84,29.97,32.75,2.32,0.01,0.00,0,348,0.00,0.00,1390887456.000,1390887478.000,22.000
1390887479,1322.84,29.97,32.75,2.32,0.01,0.00,0,348,0.00,0.00,1390887456.000,1390887479.000,23.000
1390887480,1322.84,29.97,32.75,2.32,0.01,0.00,0,348,0.00,0.00,1390887456.000,1390887479.000,23.000
1390887481,1322.84,29.97,32.75,2.32,0.01,0.00,0,348,0.00,0.00,1390887456.000,1390887480.000,24.000
1390887482,1322.84,29.97,32.75,2.32,0.01,0.00,0,348,0.00,0.00,1390887456.000,1390887481.000,25.000
1390887482,1322.84,29.97,32.75,2.32,0.01,0.00,0,348,0.00,0.00,1390887456.000,1390887482.000,26.000
1390887483,1322.84,29.97,32.75,2.32,0.01,0.00,0,348,0.00,0.00,1390887456.000,1390887482.000,26.000
1390887483,1322.84,29.97,32.75,2.32,0.01,0.00,0,348,0.00,0.00,1390887456.000,1390887483.000,27.000
1390887484,1322.84,29.97,32.75,2.32,0.01,0.00,0,348,0.00,0.00,1390887456.000,1390887483.000,27.000
1390887485,1322.84,29.97,32.75,2.32,0.01,0.00,0,348,0.00,0.00,1390887456.000,1390887484.000,28.000
1390887485,1322.84,29.97,32.75,2.32,0.01,0.00,0,348,0.00,0.00,1390887456.000,1390887485.000,29.000
1390887486,1322.84,29.97,32.75,2.32,0.01,0.00,0,348,0.00,0.00,1390887456.000,1390887485.000,29.000
1390887491,1322.84,29.97,32.62,2.22,0.02,0.00,0,349,0.00,0.00,1390887489.000,1390887486.000,30.000
1390887491,1322.84,29.97,32.62,2.22,0.01,0.00,0,349,0.00,0.00,1390887489.000,1390887491.000,2.000
1390887492,1322.84,29.97,32.62,2.22,0.01,0.00,0,349,0.00,0.00,1390887489.000,1390887491.000,2.000
1390887493,1322.84,29.97,32.62,2.22,0.01,0.00,0,349,0.00,0.00,1390887489.000,1390887492.000,3.000
1390887493,1322.84,29.97,32.62,2.22,0.01,0.00,0,349,0.00,0.00,1390887489.000,1390887493.000,4.000
1390887494,1322.84,29.97,32.62,2.22,0.01,0.00,0,349,0.00,0.00,1390887489.000,1390887493.000,4.000
1390887494,1322.84,29.97,32.62,2.22,0.01,0.00,0,349,0.00,0.00,1390887489.000,1390887494.000,5.000
1390887495,1322.84,29.97,32.62,2.22,0.01,0.00,0,349,0.00,0.00,1390887489.000,1390887494.000,5.000
1390887495,1322.84,29.97,32.62,2.22,0.01,0.00,0,349,0.00,0.00,1390887489.000,1390887495.000,6.000
1390887496,1322.84,29.97,32.62,2.22,0.01,0.00,0,349,0.00,0.00,1390887489.000,1390887496.000,7.000
1390887497,1322.84,29.97,32.62,2.22,0.01,0.00,0,349,0.00,0.00,1390887489.000,1390887496.000,7.000
1390887497,1322.84,29.97,32.62,2.22,0.01,0.00,0,349,0.00,0.00,1390887489.000,1390887497.000,8.000
1390887498,1322.84,29.97,32.62,2.22,0.01,0.00,0,349,0.00,0.00,1390887489.000,1390887497.000,8.000
1390887498,1322.84,29.97,32.62,2.22,0.01,0.00,0,349,0.00,0.00,1390887489.000,1390887498.000,9.000
1390887499,1322.84,29.97,32.62,2.22,0.01,0.00,0,349,0.00,0.00,1390887489.000,1390887498.000,9.000
1390887500,1322.84,29.97,32.62,2.22,0.01,0.00,0,349,0.00,0.00,1390887489.000,1390887499.000,10.000
1390887500,1322.84,29.97,32.62,2.22,0.01,0.00,0,349,0.00,0.00,1390887489.000,1390887500.000,11.000
1390887501,1322.84,29.97,32.62,2.22,0.01,0.00,0,349,0.00,0.00,1390887489.000,1390887500.000,11.000
1390887501,1322.84,29.97,32.62,2.22,0.01,0.00,0,349,0.00,0.00,1390887489.000,1390887501.000,12.000
1390887502,1322.84,29.97,32.62,2.22,0.01,0.00,0,349,0.00,0.00,1390887489.000,1390887501.000,12.000
1390887503,1322.84,29.97,32.62,2.22,0.01,0.00,0,349,0.00,0.00,1390887489.000,1390887502.000,13.000
1390887505,1322.84,29.97,32.62,2.22,0.01,0.00,0,349,0.00,0.00,1390887489.000,1390887503.000,14.000
1390887505,1322.84,29.97,32.62,2.22,0.01,0.00,0,349,0.00,0.00,1390887489.000,1390887505.000,16.000
1390887506,1322.84,29.97,32.62,2.22,0.01,0.00,0,349,0.00,0.00,1390887489.000,1390887505.000,16.000
1390887506,1322.84,29.97,32.62,2.22,0.01,0.00,0,349,0.00,0.00,1390887489.000,1390887506.000,17.000
1390887507,1322.84,29.97,32.62,2.22,0.01,0.00,0,349,0.00,0.00,1390887489.000,1390887506.000,17.000
1390887508,1322.84,29.97,32.62,2.22,0.01,0.00,0,349,0.00,0.00,1390887489.000,1390887507.000,18.000
1390887508,1322.84,29.97,32.62,2.22,0.01,0.00,0,349,0.00,0.00,1390887489.000,1390887508.000,19.000
1390887509,1322.84,29.97,32.62,2.22,0.01,0.00,0,349,0.00,0.00,1390887489.000,1390887508.000,19.000
1390887510,1322.84,29.97,32.62,2.22,0.01,0.00,0,349,0.00,0.00,1390887489.000,1390887509.000,20.000
1390887510,1322.84,29.97,32.62,2.22,0.01,0.00,0,349,0.00,0.00,1390887489.000,1390887510.000,21.000
1390887511,1322.84,29.97,32.62,2.22,0.01,0.00,0,349,0.00,0.00,1390887489.000,1390887510.000,21.000
1390887512,1322.84,29.97,32.62,2.22,0.01,0.00,0,349,0.00,0.00,1390887489.000,1390887511.000,22.000
1390887512,1322.84,29.97,32.62,2.22,0.01,0.00,0,349,0.00,0.00,1390887489.000,1390887512.000,23.000
1390887513,1322.84,29.97,32.62,2.22,0.01,0.00,0,349,0.00,0.00,1390887489.000,1390887512.000,23.000
1390887514,1322.84,29.97,32.62,2.22,0.01,0.00,0,349,0.00,0.00,1390887489.000,1390887513.000,24.000
1390887515,1322.84,29.97,32.62,2.22,0.01,0.00,0,349,0.00,0.00,1390887489.000,1390887514.000,25.000
1390887515,1322.84,29.97,32.62,2.22,0.01,0.00,0,349,0.00,0.00,1390887489.000,1390887515.000,26.000
1390887516,1322.84,29.97,32.62,2.22,0.01,0.00,0,349,0.00,0.00,1390887489.000,1390887515.000,26.000
1390887516,1322.84,29.97,32.62,2.22,0.01,0.00,0,349,0.00,0.00,1390887489.000,1390887516.000,27.000
1390887517,1322.84,29.97,32.62,2.22,0.01,0.00,0,349,0.00,0.00,1390887489.000,1390887516.000,27.000
1390887518,1322.84,29.97,32.62,2.22,0.01,0.00,0,349,0.00,0.00,1390887489.000,1390887517.000,28.000
1390887518,1322.84,29.97,32.62,2.22,0.01,0.00,0,349,0.00,0.00,1390887489.000,1390887518.000,29.000
1390887519,1322.84,29.97,32.62,2.22,0.01,0.00,0,349,0.00,0.00,1390887489.000,1390887518.000,29.000
1390887520,1322.84,29.97,32.62,2.22,0.01,0.00,0,349,0.00,0.00,1390887489.000,1390887519.000,30.000
1390887524,1322.84,29.97,33.02,2.07,0.02,0.00,0,350,0.00,0.00,1390887522.000,1390887520.000,31.000
1390887525,1322.84,29.97,33.02,2.07,0.01,0.00,0,350,0.00,0.00,1390887522.000,1390887525.000,3.000
1390887525,1322.84,29.97,33.02,2.07,0.01,0.00,0,350,0.00,0.00,1390887522.000,1390887525.000,3.000
1390887526,1322.84,29.97,33.02,2.07,0.01,0.00,0,350,0.00,0.00,1390887522.000,1390887525.000,3.000
1390887526,1322.84,29.97,33.02,2.07,0.01,0.00,0,350,0.00,0.00,1390887522.000,1390887526.000,4.000
1390887527,1322.84,29.97,33.02,2.07,0.01,0.00,0,350,0.00,0.00,1390887522.000,1390887526.000,4.000
1390887528,1322.84,29.97,33.02,2.07,0.01,0.00,0,350,0.00,0.00,1390887522.000,1390887527.000,5.000
1390887528,1322.84,29.97,33.02,2.07,0.01,0.00,0,350,0.00,0.00,1390887522.000,1390887528.000,6.000
1390887529,1322.84,29.97,33.02,2.07,0.01,0.00,0,350,0.00,0.00,1390887522.000,1390887528.000,6.000
1390887529,1322.84,29.97,33.02,2.07,0.01,0.00,0,350,0.00,0.00,1390887522.000,1390887529.000,7.000
1390887530,1322.84,29.97,33.02,2.07,0.01,0.00,0,350,0.00,0.00,1390887522.000,1390887529.000,7.000
1390887531,1322.84,29.97,33.02,2.07,0.01,0.00,0,350,0.00,0.00,1390887522.000,1390887530.000,8.000
1390887531,1322.84,29.97,33.02,2.07,0.01,0.00,0,350,0.00,0.00,1390887522.000,1390887531.000,9.000
1390887532,1322.84,29.97,33.02,2.07,0.01,0.00,0,350,0.00,0.00,1390887522.000,1390887531.000,9.000
1390887533,1322.84,29.97,33.02,2.07,0.01,0.00,0,350,0.00,0.00,1390887522.000,1390887532.000,10.000
1390887533,1322.84,29.97,33.02,2.07,0.01,0.00,0,350,0.00,0.00,1390887522.000,1390887533.000,11.000
1390887533,1322.84,29.97,33.02,2.07,0.01,0.00,0,350,0.00,0.00,1390887522.000,1390887533.000,11.000
1390887534,1322.84,29.97,33.02,2.07,0.01,0.00,0,350,0.00,0.00,1390887522.000,1390887533.000,11.000
1390887535,1322.84,29.97,33.02,2.07,0.01,0.00,0,350,0.00,0.00,1390887522.000,1390887534.000,12.000
1390887535,1322.84,29.97,33.02,2.07,0.01,0.00,0,350,0.00,0.00,1390887522.000,1390887535.000,13.000
1390887536,1322.84,29.97,33.02,2.07,0.01,0.00,0,350,0.00,0.00,1390887522.000,1390887535.000,13.000
1390887536,1322.84,29.97,33.02,2.07,0.01,0.00,0,350,0.00,0.00,1390887522.000,1390887536.000,14.000
1390887539,1322.84,29.97,33.02,2.07,0.01,0.00,0,350,0.00,0.00,1390887522.000,1390887536.000,14.000
1390887539,1322.84,29.97,33.02,2.07,0.01,0.00,0,350,0.00,0.00,1390887522.000,1390887539.000,17.000
1390887539,1322.84,29.97,33.02,2.07,0.01,0.00,0,350,0.00,0.00,1390887522.000,1390887539.000,17.000
1390887540,1322.84,29.97,33.02,2.07,0.01,0.00,0,350,0.00,0.00,1390887522.000,1390887540.000,18.000
1390887541,1322.84,29.97,33.02,2.07,0.01,0.00,0,350,0.00,0.00,1390887522.000,1390887540.000,18.000
1390887541,1322.84,29.97,33.02,2.07,0.01,0.00,0,350,0.00,0.00,1390887522.000,1390887541.000,19.000
1390887542,1322.84,29.97,33.02,2.07,0.01,0.00,0,350,0.00,0.00,1390887522.000,1390887541.000,19.000
1390887543,1322.84,29.97,33.02,2.07,0.01,0.00,0,350,0.00,0.00,1390887522.000,1390887542.000,20.000
1390887543,1322.84,29.97,33.02,2.07,0.01,0.00,0,350,0.00,0.00,1390887522.000,1390887543.000,21.000
1390887544,1322.84,29.97,33.02,2.07,0.01,0.00,0,350,0.00,0.00,1390887522.000,1390887543.000,21.000
1390887545,1322.84,29.97,33.02,2.07,0.01,0.00,0,350,0.00,0.00,1390887522.000,1390887544.000,22.000
1390887546,1322.84,29.97,33.02,2.07,0.01,0.00,0,350,0.00,0.00,1390887522.000,1390887545.000,23.000
1390887546,1322.84,29.97,33.02,2.07,0.01,0.00,0,350,0.00,0.00,1390887522.000,1390887546.000,24.000
1390887547,1322.84,29.97,33.02,2.07,0.01,0.00,0,350,0.00,0.00,1390887522.000,1390887546.000,24.000
1390887548,1322.84,29.97,33.02,2.07,0.01,0.00,0,350,0.00,0.00,1390887522.000,1390887547.000,25.000
1390887548,1322.84,29.97,33.02,2.07,0.01,0.00,0,350,0.00,0.00,1390887522.000,1390887548.000,26.000
1390887549,1322.84,29.97,33.02,2.07,0.01,0.00,0,350,0.00,0.00,1390887522.000,1390887548.000,26.000
1390887549,1322.84,29.97,33.02,2.07,0.01,0.00,0,350,0.00,0.00,1390887522.000,1390887549.000,27.000
1390887550,1322.84,29.97,33.02,2.07,0.01,0.00,0,350,0.00,0.00,1390887522.000,1390887550.000,28.000
1390887551,1322.84,29.97,33.02,2.07,0.01,0.00,0,350,0.00,0.00,1390887522.000,1390887550.000,28.000
1390887551,1322.84,29.97,33.02,2.07,0.01,0.00,0,350,0.00,0.00,1390887522.000,1390887551.000,29.000
1390887552,1322.84,29.97,33.02,2.07,0.01,0.00,0,350,0.00,0.00,1390887522.000,1390887551.000,29.000
1390887553,1322.84,29.97,33.02,2.07,0.01,0.00,0,350,0.00,0.00,1390887522.000,1390887552.000,30.000
1390887555,1322.84,29.97,33.05,2.07,0.02,0.00,0,350,0.00,0.00,1390887522.000,1390887553.000,31.000
1390887559,1322.84,29.97,33.05,2.45,0.02,0.00,0,351,0.00,0.00,1390887556.000,1390887555.000,33.000
1390887559,1322.84,29.97,33.05,2.45,0.01,0.00,0,351,0.00,0.00,1390887556.000,1390887559.000,3.000
1390887559,1322.84,29.97,33.05,2.45,0.01,0.00,0,351,0.00,0.00,1390887556.000,1390887559.000,3.000
1390887560,1322.84,29.97,33.05,2.45,0.01,0.00,0,351,0.00,0.00,1390887556.000,1390887559.000,3.000
1390887560,1322.84,29.97,33.05,2.45,0.01,0.00,0,351,0.00,0.00,1390887556.000,1390887560.000,4.000
1390887561,1322.84,29.97,33.05,2.45,0.01,0.00,0,351,0.00,0.00,1390887556.000,1390887560.000,4.000
1390887562,1322.84,29.97,33.05,2.45,0.01,0.00,0,351,0.00,0.00,1390887556.000,1390887561.000,5.000
1390887562,1322.84,29.97,33.05,2.45,0.01,0.00,0,351,0.00,0.00,1390887556.000,1390887562.000,6.000
1390887563,1322.84,29.97,33.05,2.45,0.01,0.00,0,351,0.00,0.00,1390887556.000,1390887562.000,6.000
1390887563,1322.84,29.97,33.05,2.45,0.01,0.00,0,351,0.00,0.00,1390887556.000,1390887563.000,7.000
1390887564,1322.84,29.97,33.05,2.45,0.01,0.00,0,351,0.00,0.00,1390887556.000,1390887563.000,7.000
1390887564,1322.84,29.97,33.05,2.45,0.01,0.00,0,351,0.00,0.00,1390887556.000,1390887564.000,8.000
1390887565,1322.84,29.97,33.05,2.45,0.01,0.00,0,351,0.00,0.00,1390887556.000,1390887565.000,9.000
1390887566,1322.84,29.97,33.05,2.45,0.01,0.00,0,351,0.00,0.00,1390887556.000,1390887565.000,9.000
1390887566,1322.84,29.97,33.05,2.45,0.01,0.00,0,351,0.00,0.00,1390887556.000,1390887566.000,10.000
1390887567,1322.84,29.97,33.05,2.45,0.01,0.00,0,351,0.00,0.00,1390887556.000,1390887566.000,10.000
1390887567,1322.84,29.97,33.05,2.45,0.01,0.00,0,351,0.00,0.00,1390887556.000,1390887567.000,11.000
1390887568,1322.84,29.97,33.05,2.45,0.01,0.00,0,351,0.00,0.00,1390887556.000,1390887567.000,11.000
1390887569,1322.84,29.97,33.05,2.45,0.01,0.00,0,351,0.00,0.00,1390887556.000,1390887568.000,12.000
1390887569,1322.84,29.97,33.05,2.45,0.01,0.00,0,351,0.00,0.00,1390887556.000,1390887569.000,13.000
1390887570,1322.84,29.97,33.05,2.45,0.01,0.00,0,351,0.00,0.00,1390887556.000,1390887569.000,13.000
1390887572,1322.84,29.97,33.05,2.45,0.01,0.00,0,351,0.00,0.00,1390887556.000,1390887570.000,14.000
1390887572,1322.84,29.97,33.05,2.45,0.01,0.00,0,351,0.00,0.00,1390887556.000,1390887572.000,16.000
1390887573,1322.84,29.97,33.05,2.45,0.01,0.00,0,351,0.00,0.00,1390887556.000,1390887572.000,16.000
1390887573,1322.84,29.97,33.05,2.45,0.01,0.00,0,351,0.00,0.00,1390887556.000,1390887573.000,17.000
1390887574,1322.84,29.97,33.05,2.45,0.01,0.00,0,351,0.00,0.00,1390887556.000,1390887573.000,17.000
1390887574,1322.84,29.97,33.05,2.45,0.01,0.00,0,351,0.00,0.00,1390887556.000,1390887574.000,18.000
1390887575,1322.84,29.97,33.05,2.45,0.01,0.00,0,351,0.00,0.00,1390887556.000,1390887574.000,18.000
1390887576,1322.84,29.97,33.05,2.45,0.01,0.00,0,351,0.00,0.00,1390887556.000,1390887575.000,19.000
1390887577,1322.84,29.97,33.05,2.45,0.01,0.00,0,351,0.00,0.00,1390887556.000,1390887576.000,20.000
1390887577,1322.84,29.97,33.05,2.45,0.01,0.00,0,351,0.00,0.00,1390887556.000,1390887577.000,21.000
1390887578,1322.84,29.97,33.05,2.45,0.01,0.00,0,351,0.00,0.00,1390887556.000,1390887577.000,21.000
1390887579,1322.84,29.97,33.05,2.45,0.01,0.00,0,351,0.00,0.00,1390887556.000,1390887578.000,22.000
1390887579,1322.84,29.97,33.05,2.45,0.01,0.00,0,351,0.00,0.00,1390887556.000,1390887579.000,23.000
1390887580,1322.84,29.97,33.05,2.45,0.01,0.00,0,351,0.00,0.00,1390887556.000,1390887579.000,23.000
1390887581,1322.84,29.97,33.05,2.45,0.01,0.00,0,351,0.00,0.00,1390887556.000,1390887580.000,24.000
1390887582,1322.84,29.97,33.05,2.45,0.01,0.00,0,351,0.00,0.00,1390887556.000,1390887581.000,25.000
1390887582,1322.84,29.97,33.05,2.45,0.01,0.00,0,351,0.00,0.00,1390887556.000,1390887582.000,26.000
1390887583,1322.84,29.97,33.05,2.45,0.01,0.00,0,351,0.00,0.00,1390887556.000,1390887582.000,26.000
1390887583,1322.84,29.97,33.05,2.45,0.01,0.00,0,351,0.00,0.00,1390887556.000,1390887583.000,27.000
1390887584,1322.84,29.97,33.05,2.45,0.01,0.00,0,351,0.00,0.00,1390887556.000,1390887583.000,27.000
1390887585,1322.84,29.97,33.05,2.45,0.01,0.00,0,351,0.00,0.00,1390887556.000,1390887584.000,28.000
1390887585,1322.84,29.97,33.05,2.45,0.01,0.00,0,351,0.00,0.00,1390887556.000,1390887585.000,29.000
1390887586,1322.84,29.97,33.05,2.45,0.01,0.00,0,351,0.00,0.00,1390887556.000,1390887585.000,29.000
1390887586,1322.84,29.97,33.05,2.45,0.01,0.00,0,351,0.00,0.00,1390887556.000,1390887586.000,30.000
1390887589,1322.84,29.97,32.83,2.45,0.02,0.00,0,351,0.00,0.00,1390887556.000,1390887586.000,30.000
1390887592,1322.84,29.97,32.83,2.22,0.02,0.00,0,352,0.00,0.00,1390887589.000,1390887589.000,33.000
1390887592,1322.84,29.97,32.83,2.22,0.01,0.00,0,352,0.00,0.00,1390887589.000,1390887592.000,3.000
1390887592,1322.84,29.97,32.83,2.22,0.01,0.00,0,352,0.00,0.00,1390887589.000,1390887592.000,3.000
1390887593,1322.84,29.97,32.83,2.22,0.01,0.00,0,352,0.00,0.00,1390887589.000,1390887592.000,3.000
1390887594,1322.84,29.97,32.83,2.22,0.01,0.00,0,352,0.00,0.00,1390887589.000,1390887594.000,5.000
1390887594,1322.84,29.97,32.83,2.22,0.01,0.00,0,352,0.00,0.00,1390887589.000,1390887594.000,5.000
1390887595,1322.84,29.97,32.83,2.22,0.01,0.00,0,352,0.00,0.00,1390887589.000,1390887594.000,5.000
1390887596,1322.84,29.97,32.83,2.22,0.01,0.00,0,352,0.00,0.00,1390887589.000,1390887595.000,6.000
1390887596,1322.84,29.97,32.83,2.22,0.01,0.00,0,352,0.00,0.00,1390887589.000,1390887596.000,7.000
1390887597,1322.84,29.97,32.83,2.22,0.01,0.00,0,352,0.00,0.00,1390887589.000,1390887596.000,7.000
1390887597,1322.84,29.97,32.83,2.22,0.01,0.00,0,352,0.00,0.00,1390887589.000,1390887597.000,8.000
1390887598,1322.84,29.97,32.83,2.22,0.01,0.00,0,352,0.00,0.00,1390887589.000,1390887597.000,8.000
1390887598,1322.84,29.97,32.83,2.22,0.01,0.00,0,352,0.00,0.00,1390887589.000,1390887598.000,9.000
1390887599,1322.84,29.97,32.83,2.22,0.01,0.00,0,352,0.00,0.00,1390887589.000,1390887598.000,9.000
1390887600,1322.84,29.97,32.83,2.22,0.01,0.00,0,352,0.00,0.00,1390887589.000,1390887599.000,10.000
1390887600,1322.84,29.97,32.83,2.22,0.01,0.00,0,352,0.00,0.00,1390887589.000,1390887600.000,11.000
1390887601,1322.84,29.97,32.83,2.22,0.01,0.00,0,352,0.00,0.00,1390887589.000,1390887600.000,11.000
1390887601,1322.84,29.97,32.83,2.22,0.01,0.00,0,352,0.00,0.00,1390887589.000,1390887601.000,12.000
1390887602,1322.84,29.97,32.83,2.22,0.01,0.00,0,352,0.00,0.00,1390887589.000,1390887601.000,12.000
1390887603,1322.84,29.97,32.83,2.22,0.01,0.00,0,352,0.00,0.00,1390887589.000,1390887602.000,13.000
1390887605,1322.84,29.97,32.83,2.22,0.01,0.00,0,352,0.00,0.00,1390887589.000,1390887603.000,14.000
1390887605,1322.84,29.97,32.83,2.22,0.01,0.00,0,352,0.00,0.00,1390887589.000,1390887605.000,16.000
1390887606,1322.84,29.97,32.83,2.22,0.01,0.00,0,352,0.00,0.00,1390887589.000,1390887605.000,16.000
1390887607,1322.84,29.97,32.83,2.22,0.01,0.00,0,352,0.00,0.00,1390887589.000,1390887606.000,17.000
1390887607,1322.84,29.97,32.83,2.22,0.01,0.00,0,352,0.00,0.00,1390887589.000,1390887607.000,18.000
1390887608,1322.84,29.97,32.83,2.22,0.01,0.00,0,352,0.00,0.00,1390887589.000,1390887607.000,18.000
1390887608,1322.84,29.97,32.83,2.22,0.01,0.00,0,352,0.00,0.00,1390887589.000,1390887608.000,19.000
1390887609,1322.84,29.97,32.83,2.22,0.01,0.00,0,352,0.00,0.00,1390887589.000,1390887608.000,19.000
1390887610,1322.84,29.97,32.83,2.22,0.01,0.00,0,352,0.00,0.00,1390887589.000,1390887609.000,20.000
1390887610,1322.84,29.97,32.83,2.22,0.01,0.00,0,352,0.00,0.00,1390887589.000,1390887610.000,21.000
1390887611,1322.84,29.97,32.83,2.22,0.01,0.00,0,352,0.00,0.00,1390887589.000,1390887610.000,21.000
1390887612,1322.84,29.97,32.83,2.22,0.01,0.00,0,352,0.00,0.00,1390887589.000,1390887611.000,22.000
1390887613,1322.84,29.97,32.83,2.22,0.01,0.00,0,352,0.00,0.00,1390887589.000,1390887612.000,23.000
1390887613,1322.84,29.97,32.83,2.22,0.01,0.00,0,352,0.00,0.00,1390887589.000,1390887613.000,24.000
1390887614,1322.84,29.97,32.83,2.22,0.01,0.00,0,352,0.00,0.00,1390887589.000,1390887613.000,24.000
1390887615,1322.84,29.97,32.83,2.22,0.01,0.00,0,352,0.00,0.00,1390887589.000,1390887614.000,25.000
1390887615,1322.84,29.97,32.83,2.22,0.01,0.00,0,352,0.00,0.00,1390887589.000,1390887615.000,26.000
1390887616,1322.84,29.97,32.83,2.22,0.01,0.00,0,352,0.00,0.00,1390887589.000,1390887615.000,26.000
1390887616,1322.84,29.97,32.83,2.22,0.01,0.00,0,352,0.00,0.00,1390887589.000,1390887616.000,27.000
1390887617,1322.84,29.97,32.83,2.22,0.01,0.00,0,352,0.00,0.00,1390887589.000,1390887617.000,28.000
1390887618,1322.84,29.97,32.83,2.22,0.01,0.00,0,352,0.00,0.00,1390887589.000,1390887617.000,28.000
1390887618,1322.84,29.97,32.83,2.22,0.01,0.00,0,352,0.00,0.00,1390887589.000,1390887618.000,29.000
1390887619,1322.84,29.97,32.83,2.22,0.01,0.00,0,352,0.00,0.00,1390887589.000,1390887618.000,29.000
1390887620,1322.84,29.97,32.83,2.22,0.01,0.00,0,352,0.00,0.00,1390887589.000,1390887619.000,30.000
1390887625,1322.84,29.97,32.38,2.32,0.02,0.00,0,353,0.00,0.00,1390887622.000,1390887620.000,31.000
1390887625,1322.84,29.97,32.38,2.32,0.01,0.00,0,353,0.00,0.00,1390887622.000,1390887625.000,3.000
1390887625,1322.84,29.97,32.38,2.32,0.01,0.00,0,353,0.00,0.00,1390887622.000,1390887625.000,3.000
1390887627,1322.84,29.97,32.38,2.32,0.01,0.00,0,353,0.00,0.00,1390887622.000,1390887625.000,3.000
1390887627,1322.84,29.97,32.38,2.32,0.01,0.00,0,353,0.00,0.00,1390887622.000,1390887627.000,5.000
1390887627,1322.84,29.97,32.38,2.32,0.01,0.00,0,353,0.00,0.00,1390887622.000,1390887627.000,5.000
1390887628,1322.84,29.97,32.38,2.32,0.01,0.00,0,353,0.00,0.00,1390887622.000,1390887627.000,5.000
1390887629,1322.84,29.97,32.38,2.32,0.01,0.00,0,353,0.00,0.00,1390887622.000,1390887628.000,6.000
1390887629,1322.84,29.97,32.38,2.32,0.01,0.00,0,353,0.00,0.00,1390887622.000,1390887629.000,7.000
1390887630,1322.84,29.97,32.38,2.32,0.01,0.00,0,353,0.00,0.00,1390887622.000,1390887629.000,7.000
1390887630,1322.84,29.97,32.38,2.32,0.01,0.00,0,353,0.00,0.00,1390887622.000,1390887630.000,8.000
1390887631,1322.84,29.97,32.38,2.32,0.01,0.00,0,353,0.00,0.00,1390887622.000,1390887630.000,8.000
1390887632,1322.84,29.97,32.38,2.32,0.01,0.00,0,353,0.00,0.00,1390887622.000,1390887631.000,9.000
1390887632,1322.84,29.97,32.38,2.32,0.01,0.00,0,353,0.00,0.00,1390887622.000,1390887632.000,10.000
1390887633,1322.84,29.97,32.38,2.32,0.01,0.00,0,353,0.00,0.00,1390887622.000,1390887632.000,10.000
1390887633,1322.84,29.97,32.38,2.32,0.01,0.00,0,353,0.00,0.00,1390887622.000,1390887633.000,11.000
1390887634,1322.84,29.97,32.38,2.32,0.01,0.00,0,353,0.00,0.00,1390887622.000,1390887633.000,11.000
1390887635,1322.84,29.97,32.38,2.32,0.01,0.00,0,353,0.00,0.00,1390887622.000,1390887634.000,12.000
1390887635,1322.84,29.97,32.38,2.32,0.01,0.00,0,353,0.00,0.00,1390887622.000,1390887635.000,13.000
1390887636,1322.84,29.97,32.38,2.32,0.01,0.00,0,353,0.00,0.00,1390887622.000,1390887635.000,13.000
1390887636,1322.84,29.97,32.38,2.32,0.01,0.00,0,353,0.00,0.00,1390887622.000,1390887636.000,14.000
1390887639,1322.84,29.97,32.38,2.32,0.01,0.00,0,353,0.00,0.00,1390887622.000,1390887636.000,14.000
1390887639,1322.84,29.97,32.38,2.32,0.01,0.00,0,353,0.00,0.00,1390887622.000,1390887639.000,17.000
1390887639,1322.84,29.97,32.38,2.32,0.01,0.00,0,353,0.00,0.00,1390887622.000,1390887639.000,17.000
1390887640,1322.84,29.97,32.38,2.32,0.01,0.00,0,353,0.00,0.00,1390887622.000,1390887639.000,17.000
1390887641,1322.84,29.97,32.38,2.32,0.01,0.00,0,353,0.00,0.00,1390887622.000,1390887640.000,18.000
1390887641,1322.84,29.97,32.38,2.32,0.01,0.00,0,353,0.00,0.00,1390887622.000,1390887641.000,19.000
1390887642,1322.84,29.97,32.38,2.32,0.01,0.00,0,353,0.00,0.00,1390887622.000,1390887641.000,19.000
1390887643,1322.84,29.97,32.38,2.32,0.01,0.00,0,353,0.00,0.00,1390887622.000,1390887642.000,20.000
1390887643,1322.84,29.97,32.38,2.32,0.01,0.00,0,353,0.00,0.00,1390887622.000,1390887643.000,21.000
1390887644,1322.84,29.97,32.38,2.32,0.01,0.00,0,353,0.00,0.00,1390887622.000,1390887643.000,21.000
1390887645,1322.84,29.97,32.38,2.32,0.01,0.00,0,353,0.00,0.00,1390887622.000,1390887644.000,22.000
1390887646,1322.84,29.97,32.38,2.32,0.01,0.00,0,353,0.00,0.00,1390887622.000,1390887645.000,23.000
1390887646,1322.84,29.97,32.38,2.32,0.01,0.00,0,353,0.00,0.00,1390887622.000,1390887646.000,24.000
1390887647,1322.84,29.97,32.38,2.32,0.01,0.00,0,353,0.00,0.00,1390887622.000,1390887646.000,24.000
1390887648,1322.84,29.97,32.38,2.32,0.01,0.00,0,353,0.00,0.00,1390887622.000,1390887647.000,25.000
1390887648,1322.84,29.97,32.38,2.32,0.01,0.00,0,353,0.00,0.00,1390887622.000,1390887648.000,26.000
1390887649,1322.84,29.97,32.38,2.32,0.01,0.00,0,353,0.00,0.00,1390887622.000,1390887648.000,26.000
1390887649,1322.84,29.97,32.38,2.32,0.01,0.00,0,353,0.00,0.00,1390887622.000,1390887649.000,27.000
1390887650,1322.84,29.97,32.38,2.32,0.01,0.00,0,353,0.00,0.00,1390887622.000,1390887649.000,27.000
1390887651,1322.84,29.97,32.38,2.32,0.01,0.00,0,353,0.00,0.00,1390887622.000,1390887650.000,28.000
1390887651,1322.84,29.97,32.38,2.32,0.01,0.00,0,353,0.00,0.00,1390887622.000,1390887651.000,29.000
1390887652,1322.84,29.97,32.38,2.32,0.01,0.00,0,353,0.00,0.00,1390887622.000,1390887651.000,29.000
1390887653,1322.84,29.97,32.38,2.32,0.01,0.00,0,353,0.00,0.00,1390887622.000,1390887652.000,30.000
1390887655,1322.84,29.97,32.38,2.32,0.01,0.00,0,353,0.00,0.00,1390887622.000,1390887653.000,31.000
1390887656,1322.84,29.97,33.53,2.32,0.01,0.00,0,353,0.00,0.00,1390887622.000,1390887655.000,33.000
1390887659,1322.84,29.97,33.53,2.59,0.02,0.00,0,354,0.00,0.00,1390887656.000,1390887656.000,34.000
1390887659,1322.84,29.97,33.53,2.59,0.01,0.00,0,354,0.00,0.00,1390887656.000,1390887659.000,3.000
1390887660,1322.84,29.97,33.53,2.59,0.01,0.00,0,354,0.00,0.00,1390887656.000,1390887659.000,3.000
1390887661,1322.84,29.97,33.53,2.59,0.01,0.00,0,354,0.00,0.00,1390887656.000,1390887660.000,4.000
1390887661,1322.84,29.97,33.53,2.59,0.01,0.00,0,354,0.00,0.00,1390887656.000,1390887661.000,5.000
1390887662,1322.84,29.97,33.53,2.59,0.01,0.00,0,354,0.00,0.00,1390887656.000,1390887661.000,5.000
1390887662,1322.84,29.97,33.53,2.59,0.01,0.00,0,354,0.00,0.00,1390887656.000,1390887662.000,6.000
1390887663,1322.84,29.97,33.53,2.59,0.01,0.00,0,354,0.00,0.00,1390887656.000,1390887662.000,6.000
1390887663,1322.84,29.97,33.53,2.59,0.01,0.00,0,354,0.00,0.00,1390887656.000,1390887663.000,7.000
1390887664,1322.84,29.97,33.53,2.59,0.01,0.00,0,354,0.00,0.00,1390887656.000,1390887664.000,8.000
1390887665,1322.84,29.97,33.53,2.59,0.01,0.00,0,354,0.00,0.00,1390887656.000,1390887664.000,8.000
1390887665,1322.84,29.97,33.53,2.59,0.01,0.00,0,354,0.00,0.00,1390887656.000,1390887665.000,9.000
1390887666,1322.84,29.97,33.53,2.59,0.01,0.00,0,354,0.00,0.00,1390887656.000,1390887665.000,9.000
1390887666,1322.84,29.97,33.53,2.59,0.01,0.00,0,354,0.00,0.00,1390887656.000,1390887666.000,10.000
1390887667,1322.84,29.97,33.53,2.59,0.01,0.00,0,354,0.00,0.00,1390887656.000,1390887666.000,10.000
1390887668,1322.84,29.97,33.53,2.59,0.01,0.00,0,354,0.00,0.00,1390887656.000,1390887667.000,11.000
1390887668,1322.84,29.97,33.53,2.59,0.01,0.00,0,354,0.00,0.00,1390887656.000,1390887668.000,12.000
1390887669,1322.84,29.97,33.53,2.59,0.01,0.00,0,354,0.00,0.00,1390887656.000,1390887668.000,12.000
1390887669,1322.84,29.97,33.53,2.59,0.01,0.00,0,354,0.00,0.00,1390887656.000,1390887669.000,13.000
1390887672,1322.84,29.97,33.53,2.59,0.01,0.00,0,354,0.00,0.00,1390887656.000,1390887669.000,13.000
1390887672,1322.84,29.97,33.53,2.59,0.01,0.00,0,354,0.00,0.00,1390887656.000,1390887672.000,16.000
1390887673,1322.84,29.97,33.53,2.59,0.01,0.00,0,354,0.00,0.00,1390887656.000,1390887672.000,16.000
1390887673,1322.84,29.97,33.53,2.59,0.01,0.00,0,354,0.00,0.00,1390887656.000,1390887673.000,17.000
1390887674,1322.84,29.97,33.53,2.59,0.01,0.00,0,354,0.00,0.00,1390887656.000,1390887673.000,17.000
1390887674,1322.84,29.97,33.53,2.59,0.01,0.00,0,354,0.00,0.00,1390887656.000,1390887674.000,18.000
1390887675,1322.84,29.97,33.53,2.59,0.01,0.00,0,354,0.00,0.00,1390887656.000,1390887674.000,18.000
1390887676,1322.84,29.97,33.53,2.59,0.01,0.00,0,354,0.00,0.00,1390887656.000,1390887675.000,19.000
1390887676,1322.84,29.97,33.53,2.59,0.01,0.00,0,354,0.00,0.00,1390887656.000,1390887676.000,20.000
1390887677,1322.84,29.97,33.53,2.59,0.01,0.00,0,354,0.00,0.00,1390887656.000,1390887676.000,20.000
1390887678,1322.84,29.97,33.53,2.59,0.01,0.00,0,354,0.00,0.00,1390887656.000,1390887677.000,21.000
1390887679,1322.84,29.97,33.53,2.59,0.01,0.00,0,354,0.00,0.00,1390887656.000,1390887678.000,22.000
1390887679,1322.84,29.97,33.53,2.59,0.01,0.00,0,354,0.00,0.00,1390887656.000,1390887679.000,23.000
1390887680,1322.84,29.97,33.53,2.59,0.01,0.00,0,354,0.00,0.00,1390887656.000,1390887679.000,23.000
1390887681,1322.84,29.97,33.53,2.59,0.01,0.00,0,354,0.00,0.00,1390887656.000,1390887680.000,24.000
1390887681,1322.84,29.97,33.53,2.59,0.01,0.00,0,354,0.00,0.00,1390887656.000,1390887681.000,25.000
1390887682,1322.84,29.97,33.53,2.59,0.01,0.00,0,354,0.00,0.00,1390887656.000,1390887681.000,25.000
1390887682,1322.84,29.97,33.53,2.59,0.01,0.00,0,354,0.00,0.00,1390887656.000,1390887682.000,26.000
1390887683,1322.84,29.97,33.53,2.59,0.01,0.00,0,354,0.00,0.00,1390887656.000,1390887682.000,26.000
1390887684,1322.84,29.97,33.53,2.59,0.01,0.00,0,354,0.00,0.00,1390887656.000,1390887683.000,27.000
1390887684,1322.84,29.97,33.53,2.59,0.01,0.00,0,354,0.00,0.00,1390887656.000,1390887684.000,28.000
1390887685,1322.84,29.97,33.53,2.59,0.01,0.00,0,354,0.00,0.00,1390887656.000,1390887684.000,28.000
1390887686,1322.84,29.97,33.53,2.59,0.01,0.00,0,354,0.00,0.00,1390887656.000,1390887685.000,29.000
1390887686,1322.84,29.97,33.53,2.59,0.01,0.00,0,354,0.00,0.00,1390887656.000,1390887686.000,30.000
1390887689,1322.84,29.97,32.42,2.59,0.01,0.00,0,354,0.00,0.00,1390887656.000,1390887686.000,30.000
1390887692,1322.84,29.97,32.42,2.34,0.02,0.00,0,355,0.00,0.00,1390887689.000,1390887689.000,33.000
1390887692,1322.84,29.97,32.42,2.34,0.01,0.00,0,355,0.00,0.00,1390887689.000,1390887692.000,3.000
1390887692,1322.84,29.97,32.42,2.34,0.01,0.00,0,355,0.00,0.00,1390887689.000,1390887692.000,3.000
1390887693,1322.84,29.97,32.42,2.34,0.01,0.00,0,355,0.00,0.00,1390887689.000,1390887692.000,3.000
1390887694,1322.84,29.97,32.42,2.34,0.01,0.00,0,355,0.00,0.00,1390887689.000,1390887693.000,4.000
1390887694,1322.84,29.97,32.42,2.34,0.01,0.00,0,355,0.00,0.00,1390887689.000,1390887694.000,5.000
1390887695,1322.84,29.97,32.42,2.34,0.01,0.00,0,355,0.00,0.00,1390887689.000,1390887694.000,5.000
1390887695,1322.84,29.97,32.42,2.34,0.01,0.00,0,355,0.00,0.00,1390887689.000,1390887695.000,6.000
1390887696,1322.84,29.97,32.42,2.34,0.01,0.00,0,355,0.00,0.00,1390887689.000,1390887695.000,6.000
1390887697,1322.84,29.97,32.42,2.34,0.01,0.00,0,355,0.00,0.00,1390887689.000,1390887696.000,7.000
1390887697,1322.84,29.97,32.42,2.34,0.01,0.00,0,355,0.00,0.00,1390887689.000,1390887697.000,8.000
1390887698,1322.84,29.97,32.42,2.34,0.01,0.00,0,355,0.00,0.00,1390887689.000,1390887697.000,8.000
1390887698,1322.84,29.97,32.42,2.34,0.01,0.00,0,355,0.00,0.00,1390887689.000,1390887698.000,9.000
1390887699,1322.84,29.97,32.42,2.34,0.01,0.00,0,355,0.00,0.00,1390887689.000,1390887698.000,9.000
1390887700,1322.84,29.97,32.42,2.34,0.01,0.00,0,355,0.00,0.00,1390887689.000,1390887699.000,10.000
1390887700,1322.84,29.97,32.42,2.34,0.01,0.00,0,355,0.00,0.00,1390887689.000,1390887700.000,11.000
1390887701,1322.84,29.97,32.42,2.34,0.01,0.00,0,355,0.00,0.00,1390887689.000,1390887700.000,11.000
1390887701,1322.84,29.97,32.42,2.34,0.01,0.00,0,355,0.00,0.00,1390887689.000,1390887701.000,12.000
1390887702,1322.84,29.97,32.42,2.34,0.01,0.00,0,355,0.00,0.00,1390887689.000,1390887701.000,12.000
1390887702,1322.84,29.97,32.42,2.34,0.01,0.00,0,355,0.00,0.00,1390887689.000,1390887702.000,13.000
1390887703,1322.84,29.97,32.42,2.34,0.01,0.00,0,355,0.00,0.00,1390887689.000,1390887702.000,13.000
1390887705,1322.84,29.97,32.42,2.34,0.01,0.00,0,355,0.00,0.00,1390887689.000,1390887703.000,14.000
1390887705,1322.84,29.97,32.42,2.34,0.01,0.00,0,355,0.00,0.00,1390887689.000,1390887705.000,16.000
1390887706,1322.84,29.97,32.42,2.34,0.01,0.00,0,355,0.00,0.00,1390887689.000,1390887705.000,16.000
1390887707,1322.84,29.97,32.42,2.34,0.01,0.00,0,355,0.00,0.00,1390887689.000,1390887706.000,17.000
1390887707,1322.84,29.97,32.42,2.34,0.01,0.00,0,355,0.00,0.00,1390887689.000,1390887707.000,18.000
1390887708,1322.84,29.97,32.42,2.34,0.01,0.00,0,355,0.00,0.00,1390887689.000,1390887707.000,18.000
1390887708,1322.84,29.97,32.42,2.34,0.01,0.00,0,355,0.00,0.00,1390887689.000,1390887708.000,19.000
1390887709,1322.84,29.97,32.42,2.34,0.01,0.00,0,355,0.00,0.00,1390887689.000,1390887708.000,19.000
1390887710,1322.84,29.97,32.42,2.34,0.01,0.00,0,355,0.00,0.00,1390887689.000,1390887709.000,20.000
1390887711,1322.84,29.97,32.42,2.34,0.01,0.00,0,355,0.00,0.00,1390887689.000,1390887710.000,21.000
1390887711,1322.84,29.97,32.42,2.34,0.01,0.00,0,355,0.00,0.00,1390887689.000,1390887711.000,22.000
1390887712,1322.84,29.97,32.42,2.34,0.01,0.00,0,355,0.00,0.00,1390887689.000,1390887711.000,22.000
1390887713,1322.84,29.97,32.42,2.34,0.01,0.00,0,355,0.00,0.00,1390887689.000,1390887712.000,23.000
1390887713,1322.84,29.97,32.42,2.34,0.01,0.00,0,355,0.00,0.00,1390887689.000,1390887713.000,24.000
1390887714,1322.84,29.97,32.42,2.34,0.01,0.00,0,355,0.00,0.00,1390887689.000,1390887713.000,24.000
1390887715,1322.84,29.97,32.42,2.34,0.01,0.00,0,355,0.00,0.00,1390887689.000,1390887714.000,25.000
1390887715,1322.84,29.97,32.42,2.34,0.01,0.00,0,355,0.00,0.00,1390887689.000,1390887715.000,26.000
1390887716,1322.84,29.97,32.42,2.34,0.01,0.00,0,355,0.00,0.00,1390887689.000,1390887715.000,26.000
1390887717,1322.84,29.97,32.42,2.34,0.01,0.00,0,355,0.00,0.00,1390887689.000,1390887716.000,27.000
1390887717,1322.84,29.97,32.42,2.34,0.01,0.00,0,355,0.00,0.00,1390887689.000,1390887717.000,28.000
1390887718,1322.84,29.97,32.42,2.34,0.01,0.00,0,355,0.00,0.00,1390887689.000,1390887717.000,28.000
1390887718,1322.84,29.97,32.42,2.34,0.01,0.00,0,355,0.00,0.00,1390887689.000,1390887718.000,29.000
1390887719,1322.84,29.97,32.42,2.34,0.01,0.00,0,355,0.00,0.00,1390887689.000,1390887718.000,29.000
1390887720,1322.84,29.97,32.42,2.34,0.01,0.00,0,355,0.00,0.00,1390887689.000,1390887719.000,30.000
1390887722,1322.84,29.97,33.25,2.34,0.02,0.00,0,355,0.00,0.00,1390887689.000,1390887720.000,31.000
1390887725,1322.84,29.97,33.25,2.41,0.02,0.00,0,356,0.00,0.00,1390887722.000,1390887722.000,33.000
1390887725,1322.84,29.97,33.25,2.41,0.01,0.00,0,356,0.00,0.00,1390887722.000,1390887725.000,3.000
1390887726,1322.84,29.97,33.25,2.41,0.01,0.00,0,356,0.00,0.00,1390887722.000,1390887725.000,3.000
1390887727,1322.84,29.97,33.25,2.41,0.01,0.00,0,356,0.00,0.00,1390887722.000,1390887726.000,4.000
1390887727,1322.84,29.97,33.25,2.41,0.01,0.00,0,356,0.00,0.00,1390887722.000,1390887727.000,5.000
1390887728,1322.84,29.97,33.25,2.41,0.01,0.00,0,356,0.00,0.00,1390887722.000,1390887727.000,5.000
1390887728,1322.84,29.97,33.25,2.41,0.01,0.00,0,356,0.00,0.00,1390887722.000,1390887728.000,6.000
1390887729,1322.84,29.97,33.25,2.41,0.01,0.00,0,356,0.00,0.00,1390887722.000,1390887728.000,6.000
1390887729,1322.84,29.97,33.25,2.41,0.01,0.00,0,356,0.00,0.00,1390887722.000,1390887729.000,7.000
1390887730,1322.84,29.97,33.25,2.41,0.01,0.00,0,356,0.00,0.00,1390887722.000,1390887729.000,7.000
1390887731,1322.84,29.97,33.25,2.41,0.01,0.00,0,356,0.00,0.00,1390887722.000,1390887730.000,8.000
1390887731,1322.84,29.97,33.25,2.41,0.01,0.00,0,356,0.00,0.00,1390887722.000,1390887731.000,9.000
1390887732,1322.84,29.97,33.25,2.41,0.01,0.00,0,356,0.00,0.00,1390887722.000,1390887731.000,9.000
1390887732,1322.84,29.97,33.25,2.41,0.01,0.00,0,356,0.00,0.00,1390887722.000,1390887732.000,10.000
1390887733,1322.84,29.97,33.25,2.41,0.01,0.00,0,356,0.00,0.00,1390887722.000,1390887732.000,10.000
1390887733,1322.84,29.97,33.25,2.41,0.01,0.00,0,356,0.00,0.00,1390887722.000,1390887733.000,11.000
1390887734,1322.84,29.97,33.25,2.41,0.01,0.00,0,356,0.00,0.00,1390887722.000,1390887733.000,11.000
1390887735,1322.84,29.97,33.25,2.41,0.01,0.00,0,356,0.00,0.00,1390887722.000,1390887734.000,12.000
1390887735,1322.84,29.97,33.25,2.41,0.01,0.00,0,356,0.00,0.00,1390887722.000,1390887735.000,13.000
1390887736,1322.84,29.97,33.25,2.41,0.01,0.00,0,356,0.00,0.00,1390887722.000,1390887735.000,13.000
1390887736,1322.84,29.97,33.25,2.41,0.01,0.00,0,356,0.00,0.00,1390887722.000,1390887736.000,14.000
1390887739,1322.84,29.97,33.25,2.41,0.01,0.00,0,356,0.00,0.00,1390887722.000,1390887736.000,14.000
1390887739,1322.84,29.97,33.25,2.41,0.01,0.00,0,356,0.00,0.00,1390887722.000,1390887739.000,17.000
1390887740,1322.84,29.97,33.25,2.41,0.01,0.00,0,356,0.00,0.00,1390887722.000,1390887739.000,17.000
1390887740,1322.84,29.97,33.25,2.41,0.01,0.00,0,356,0.00,0.00,1390887722.000,1390887740.000,18.000
1390887741,1322.84,29.97,33.25,2.41,0.01,0.00,0,356,0.00,0.00,1390887722.000,1390887740.000,18.000
1390887741,1322.84,29.97,33.25,2.41,0.01,0.00,0,356,0.00,0.00,1390887722.000,1390887741.000,19.000
1390887742,1322.84,29.97,33.25,2.41,0.01,0.00,0,356,0.00,0.00,1390887722.000,1390887741.000,19.000
1390887743,1322.84,29.97,33.25,2.41,0.01,0.00,0,356,0.00,0.00,1390887722.000,1390887742.000,20.000
1390887743,1322.84,29.97,33.25,2.41,0.01,0.00,0,356,0.00,0.00,1390887722.000,1390887743.000,21.000
1390887744,1322.84,29.97,33.25,2.41,0.01,0.00,0,356,0.00,0.00,1390887722.000,1390887743.000,21.000
1390887745,1322.84,29.97,33.25,2.41,0.01,0.00,0,356,0.00,0.00,1390887722.000,1390887744.000,22.000
1390887746,1322.84,29.97,33.25,2.41,0.01,0.00,0,356,0.00,0.00,1390887722.000,1390887745.000,23.000
1390887746,1322.84,29.97,33.25,2.41,0.01,0.00,0,356,0.00,0.00,1390887722.000,1390887746.000,24.000
1390887747,1322.84,29.97,33.25,2.41,0.01,0.00,0,356,0.00,0.00,1390887722.000,1390887746.000,24.000
1390887748,1322.84,29.97,33.25,2.41,0.01,0.00,0,356,0.00,0.00,1390887722.000,1390887747.000,25.000
1390887748,1322.84,29.97,33.25,2.41,0.01,0.00,0,356,0.00,0.00,1390887722.000,1390887748.000,26.000
1390887749,1322.84,29.97,33.25,2.41,0.01,0.00,0,356,0.00,0.00,1390887722.000,1390887748.000,26.000
1390887749,1322.84,29.97,33.25,2.41,0.01,0.00,0,356,0.00,0.00,1390887722.000,1390887749.000,27.000
1390887750,1322.84,29.97,33.25,2.41,0.01,0.00,0,356,0.00,0.00,1390887722.000,1390887749.000,27.000
1390887751,1322.84,29.97,33.25,2.41,0.01,0.00,0,356,0.00,0.00,1390887722.000,1390887750.000,28.000
1390887751,1322.84,29.97,33.25,2.41,0.01,0.00,0,356,0.00,0.00,1390887722.000,1390887751.000,29.000
1390887752,1322.84,29.97,33.25,2.41,0.01,0.00,0,356,0.00,0.00,1390887722.000,1390887751.000,29.000
1390887753,1322.84,29.97,33.25,2.41,0.01,0.00,0,356,0.00,0.00,1390887722.000,1390887752.000,30.000
1390887755,1322.84,29.97,33.25,2.41,0.01,0.00,0,356,0.00,0.00,1390887722.000,1390887753.000,31.000
1390887755,1322.84,29.97,32.84,2.41,0.02,0.00,0,356,0.00,0.00,1390887722.000,1390887755.000,33.000
1390887759,1322.84,29.97,32.84,2.65,0.02,0.00,0,357,0.00,0.00,1390887756.000,1390887756.000,34.000
1390887759,1322.84,29.97,32.84,2.65,0.01,0.00,0,357,0.00,0.00,1390887756.000,1390887759.000,3.000
1390887759,1322.84,29.97,32.84,2.65,0.01,0.00,0,357,0.00,0.00,1390887756.000,1390887759.000,3.000
1390887761,1322.84,29.97,32.84,2.65,0.01,0.00,0,357,0.00,0.00,1390887756.000,1390887759.000,3.000
1390887761,1322.84,29.97,32.84,2.65,0.01,0.00,0,357,0.00,0.00,1390887756.000,1390887761.000,5.000
1390887762,1322.84,29.97,32.84,2.65,0.01,0.00,0,357,0.00,0.00,1390887756.000,1390887761.000,5.000
1390887762,1322.84,29.97,32.84,2.65,0.01,0.00,0,357,0.00,0.00,1390887756.000,1390887762.000,6.000
1390887763,1322.84,29.97,32.84,2.65,0.01,0.00,0,357,0.00,0.00,1390887756.000,1390887762.000,6.000
1390887763,1322.84,29.97,32.84,2.65,0.01,0.00,0,357,0.00,0.00,1390887756.000,1390887763.000,7.000
1390887764,1322.84,29.97,32.84,2.65,0.01,0.00,0,357,0.00,0.00,1390887756.000,1390887763.000,7.000
1390887764,1322.84,29.97,32.84,2.65,0.01,0.00,0,357,0.00,0.00,1390887756.000,1390887764.000,8.000
1390887765,1322.84,29.97,32.84,2.65,0.01,0.00,0,357,0.00,0.00,1390887756.000,1390887764.000,8.000
1390887766,1322.84,29.97,32.84,2.65,0.01,0.00,0,357,0.00,0.00,1390887756.000,1390887765.000,9.000
1390887766,1322.84,29.97,32.84,2.65,0.01,0.00,0,357,0.00,0.00,1390887756.000,1390887766.000,10.000
1390887767,1322.84,29.97,32.84,2.65,0.01,0.00,0,357,0.00,0.00,1390887756.000,1390887766.000,10.000
1390887767,1322.84,29.97,32.84,2.65,0.01,0.00,0,357,0.00,0.00,1390887756.000,1390887767.000,11.000
1390887768,1322.84,29.97,32.84,2.65,0.01,0.00,0,357,0.00,0.00,1390887756.000,1390887767.000,11.000
1390887768,1322.84,29.97,32.84,2.65,0.01,0.00,0,357,0.00,0.00,1390887756.000,1390887768.000,12.000
1390887769,1322.84,29.97,32.84,2.65,0.01,0.00,0,357,0.00,0.00,1390887756.000,1390887768.000,12.000
1390887770,1322.84,29.97,32.84,2.65,0.01,0.00,0,357,0.00,0.00,1390887756.000,1390887769.000,13.000
1390887772,1322.84,29.97,32.84,2.65,0.01,0.00,0,357,0.00,0.00,1390887756.000,1390887770.000,14.000
1390887772,1322.84,29.97,32.84,2.65,0.01,0.00,0,357,0.00,0.00,1390887756.000,1390887772.000,16.000
1390887773,1322.84,29.97,32.84,2.65,0.01,0.00,0,357,0.00,0.00,1390887756.000,1390887772.000,16.000
1390887773,1322.84,29.97,32.84,2.65,0.01,0.00,0,357,0.00,0.00,1390887756.000,1390887773.000,17.000
1390887774,1322.84,29.97,32.84,2.65,0.01,0.00,0,357,0.00,0.00,1390887756.000,1390887773.000,17.000
1390887774,1322.84,29.97,32.84,2.65,0.01,0.00,0,357,0.00,0.00,1390887756.000,1390887774.000,18.000
1390887775,1322.84,29.97,32.84,2.65,0.01,0.00,0,357,0.00,0.00,1390887756.000,1390887774.000,18.000
1390887776,1322.84,29.97,32.84,2.65,0.01,0.00,0,357,0.00,0.00,1390887756.000,1390887775.000,19.000
1390887777,1322.84,29.97,32.84,2.65,0.01,0.00,0,357,0.00,0.00,1390887756.000,1390887776.000,20.000
1390887777,1322.84,29.97,32.84,2.65,0.01,0.00,0,357,0.00,0.00,1390887756.000,1390887777.000,21.000
1390887778,1322.84,29.97,32.84,2.65,0.01,0.00,0,357,0.00,0.00,1390887756.000,1390887777.000,21.000
1390887779,1322.84,29.97,32.84,2.65,0.01,0.00,0,357,0.00,0.00,1390887756.000,1390887778.000,22.000
1390887779,1322.84,29.97,32.84,2.65,0.01,0.00,0,357,0.00,0.00,1390887756.000,1390887779.000,23.000
1390887780,1322.84,29.97,32.84,2.65,0.01,0.00,0,357,0.00,0.00,1390887756.000,1390887779.000,23.000
1390887781,1322.84,29.97,32.84,2.65,0.01,0.00,0,357,0.00,0.00,1390887756.000,1390887780.000,24.000
1390887782,1322.84,29.97,32.84,2.65,0.01,0.00,0,357,0.00,0.00,1390887756.000,1390887781.000,25.000
1390887782,1322.84,29.97,32.84,2.65,0.01,0.00,0,357,0.00,0.00,1390887756.000,1390887782.000,26.000
1390887783,1322.84,29.97,32.84,2.65,0.01,0.00,0,357,0.00,0.00,1390887756.000,1390887782.000,26.000
1390887783,1322.84,29.97,32.84,2.65,0.01,0.00,0,357,0.00,0.00,1390887756.000,1390887783.000,27.000
1390887784,1322.84,29.97,32.84,2.65,0.01,0.00,0,357,0.00,0.00,1390887756.000,1390887783.000,27.000
1390887784,1322.84,29.97,32.84,2.65,0.01,0.00,0,357,0.00,0.00,1390887756.000,1390887784.000,28.000
1390887785,1322.84,29.97,32.84,2.65,0.01,0.00,0,357,0.00,0.00,1390887756.000,1390887785.000,29.000
1390887786,1322.84,29.97,32.84,2.65,0.01,0.00,0,357,0.00,0.00,1390887756.000,1390887785.000,29.000
1390887786,1322.84,29.97,32.84,2.65,0.01,0.00,0,357,0.00,0.00,1390887756.000,1390887786.000,30.000
1390887791,1322.84,29.97,32.23,2.32,0.02,0.00,0,358,0.00,0.00,1390887789.000,1390887786.000,30.000
1390887792,1322.84,29.97,32.23,2.32,0.01,0.00,0,358,0.00,0.00,1390887789.000,1390887792.000,3.000
1390887792,1322.84,29.97,32.23,2.32,0.01,0.00,0,358,0.00,0.00,1390887789.000,1390887792.000,3.000
1390887793,1322.84,29.97,32.23,2.32,0.01,0.00,0,358,0.00,0.00,1390887789.000,1390887792.000,3.000
1390887793,1322.84,29.97,32.23,2.32,0.01,0.00,0,358,0.00,0.00,1390887789.000,1390887793.000,4.000
1390887794,1322.84,29.97,32.23,2.32,0.01,0.00,0,358,0.00,0.00,1390887789.000,1390887793.000,4.000
1390887795,1322.84,29.97,32.23,2.32,0.01,0.00,0,358,0.00,0.00,1390887789.000,1390887794.000,5.000
1390887795,1322.84,29.97,32.23,2.32,0.01,0.00,0,358,0.00,0.00,1390887789.000,1390887795.000,6.000
1390887796,1322.84,29.97,32.23,2.32,0.01,0.00,0,358,0.00,0.00,1390887789.000,1390887795.000,6.000
1390887796,1322.84,29.97,32.23,2.32,0.01,0.00,0,358,0.00,0.00,1390887789.000,1390887796.000,7.000
1390887797,1322.84,29.97,32.23,2.32,0.01,0.00,0,358,0.00,0.00,1390887789.000,1390887796.000,7.000
1390887798,1322.84,29.97,32.23,2.32,0.01,0.00,0,358,0.00,0.00,1390887789.000,1390887797.000,8.000
1390887798,1322.84,29.97,32.23,2.32,0.01,0.00,0,358,0.00,0.00,1390887789.000,1390887798.000,9.000
1390887799,1322.84,29.97,32.23,2.32,0.01,0.00,0,358,0.00,0.00,1390887789.000,1390887798.000,9.000
1390887799,1322.84,29.97,32.23,2.32,0.01,0.00,0,358,0.00,0.00,1390887789.000,1390887799.000,10.000
1390887800,1322.84,29.97,32.23,2.32,0.01,0.00,0,358,0.00,0.00,1390887789.000,1390887799.000,10.000
1390887800,1322.84,29.97,32.23,2.32,0.01,0.00,0,358,0.00,0.00,1390887789.000,1390887800.000,11.000
1390887801,1322.84,29.97,32.23,2.32,0.01,0.00,0,358,0.00,0.00,1390887789.000,1390887800.000,11.000
1390887802,1322.84,29.97,32.23,2.32,0.01,0.00,0,358,0.00,0.00,1390887789.000,1390887801.000,12.000
1390887802,1322.84,29.97,32.23,2.32,0.01,0.00,0,358,0.00,0.00,1390887789.000,1390887802.000,13.000
1390887803,1322.84,29.97,32.23,2.32,0.01,0.00,0,358,0.00,0.00,1390887789.000,1390887802.000,13.000
1390887805,1322.84,29.97,32.23,2.32,0.01,0.00,0,358,0.00,0.00,1390887789.000,1390887803.000,14.000
1390887805,1322.84,29.97,32.23,2.32,0.01,0.00,0,358,0.00,0.00,1390887789.000,1390887805.000,16.000
1390887806,1322.84,29.97,32.23,2.32,0.01,0.00,0,358,0.00,0.00,1390887789.000,1390887805.000,16.000
1390887806,1322.84,29.97,32.23,2.32,0.01,0.00,0,358,0.00,0.00,1390887789.000,1390887806.000,17.000
1390887807,1322.84,29.97,32.23,2.32,0.01,0.00,0,358,0.00,0.00,1390887789.000,1390887806.000,17.000
1390887808,1322.84,29.97,32.23,2.32,0.01,0.00,0,358,0.00,0.00,1390887789.000,1390887807.000,18.000
1390887808,1322.84,29.97,32.23,2.32,0.01,0.00,0,358,0.00,0.00,1390887789.000,1390887808.000,19.000
1390887809,1322.84,29.97,32.23,2.32,0.01,0.00,0,358,0.00,0.00,1390887789.000,1390887808.000,19.000
1390887810,1322.84,29.97,32.23,2.32,0.01,0.00,0,358,0.00,0.00,1390887789.000,1390887809.000,20.000
1390887810,1322.84,29.97,32.23,2.32,0.01,0.00,0,358,0.00,0.00,1390887789.000,1390887810.000,21.000
1390887811,1322.84,29.97,32.23,2.32,0.01,0.00,0,358,0.00,0.00,1390887789.000,1390887810.000,21.000
1390887812,1322.84,29.97,32.23,2.32,0.01,0.00,0,358,0.00,0.00,1390887789.000,1390887811.000,22.000
1390887813,1322.84,29.97,32.23,2.32,0.01,0.00,0,358,0.00,0.00,1390887789.000,1390887812.000,23.000
1390887813,1322.84,29.97,32.23,2.32,0.01,0.00,0,358,0.00,0.00,1390887789.000,1390887813.000,24.000
1390887814,1322.84,29.97,32.23,2.32,0.01,0.00,0,358,0.00,0.00,1390887789.000,1390887813.000,24.000
1390887815,1322.84,29.97,32.23,2.32,0.01,0.00,0,358,0.00,0.00,1390887789.000,1390887814.000,25.000
1390887815,1322.84,29.97,32.23,2.32,0.01,0.00,0,358,0.00,0.00,1390887789.000,1390887815.000,26.000
1390887816,1322.84,29.97,32.23,2.32,0.01,0.00,0,358,0.00,0.00,1390887789.000,1390887815.000,26.000
1390887816,1322.84,29.97,32.23,2.32,0.01,0.00,0,358,0.00,0.00,1390887789.000,1390887816.000,27.000
1390887817,1322.84,29.97,32.23,2.32,0.01,0.00,0,358,0.00,0.00,1390887789.000,1390887816.000,27.000
1390887818,1322.84,29.97,32.23,2.32,0.01,0.00,0,358,0.00,0.00,1390887789.000,1390887817.000,28.000
1390887818,1322.84,29.97,32.23,2.32,0.01,0.00,0,358,0.00,0.00,1390887789.000,1390887818.000,29.000
1390887819,1322.84,29.97,32.23,2.32,0.01,0.00,0,358,0.00,0.00,1390887789.000,1390887818.000,29.000
1390887820,1322.84,29.97,32.23,2.32,0.01,0.00,0,358,0.00,0.00,1390887789.000,1390887819.000,30.000
1390887822,1322.84,29.97,32.23,2.32,0.01,0.00,0,358,0.00,0.00,1390887789.000,1390887820.000,31.000
1390887822,1322.84,29.97,33.41,2.32,0.02,0.00,0,358,0.00,0.00,1390887789.000,1390887822.000,33.000
1390887826,1322.84,29.97,33.41,2.42,0.02,0.00,0,359,0.00,0.00,1390887823.000,1390887822.000,33.000
1390887826,1322.84,29.97,33.41,2.42,0.01,0.00,0,359,0.00,0.00,1390887823.000,1390887826.000,3.000
1390887826,1322.84,29.97,33.41,2.42,0.01,0.00,0,359,0.00,0.00,1390887823.000,1390887826.000,3.000
1390887827,1322.84,29.97,33.41,2.42,0.01,0.00,0,359,0.00,0.00,1390887823.000,1390887826.000,3.000
1390887828,1322.84,29.97,33.41,2.42,0.01,0.00,0,359,0.00,0.00,1390887823.000,1390887828.000,5.000
1390887828,1322.84,29.97,33.41,2.42,0.01,0.00,0,359,0.00,0.00,1390887823.000,1390887828.000,5.000
1390887829,1322.84,29.97,33.41,2.42,0.01,0.00,0,359,0.00,0.00,1390887823.000,1390887828.000,5.000
1390887830,1322.84,29.97,33.41,2.42,0.01,0.00,0,359,0.00,0.00,1390887823.000,1390887829.000,6.000
1390887830,1322.84,29.97,33.41,2.42,0.01,0.00,0,359,0.00,0.00,1390887823.000,1390887830.000,7.000
1390887831,1322.84,29.97,33.41,2.42,0.01,0.00,0,359,0.00,0.00,1390887823.000,1390887830.000,7.000
1390887831,1322.84,29.97,33.41,2.42,0.01,0.00,0,359,0.00,0.00,1390887823.000,1390887831.000,8.000
1390887832,1322.84,29.97,33.41,2.42,0.01,0.00,0,359,0.00,0.00,1390887823.000,1390887831.000,8.000
1390887832,1322.84,29.97,33.41,2.42,0.01,0.00,0,359,0.00,0.00,1390887823.000,1390887832.000,9.000
1390887833,1322.84,29.97,33.41,2.42,0.01,0.00,0,359,0.00,0.00,1390887823.000,1390887832.000,9.000
1390887834,1322.84,29.97,33.41,2.42,0.01,0.00,0,359,0.00,0.00,1390887823.000,1390887833.000,10.000
1390887834,1322.84,29.97,33.41,2.42,0.01,0.00,0,359,0.00,0.00,1390887823.000,1390887834.000,11.000
1390887835,1322.84,29.97,33.41,2.42,0.01,0.00,0,359,0.00,0.00,1390887823.000,1390887834.000,11.000
1390887835,1322.84,29.97,33.41,2.42,0.01,0.00,0,359,0.00,0.00,1390887823.000,1390887835.000,12.000
1390887836,1322.84,29.97,33.41,2.42,0.01,0.00,0,359,0.00,0.00,1390887823.000,1390887835.000,12.000
1390887838,1322.84,29.97,33.41,2.42,0.01,0.00,0,359,0.00,0.00,1390887823.000,1390887836.000,13.000
1390887839,1322.84,29.97,33.41,2.42,0.01,0.00,0,359,0.00,0.00,1390887823.000,1390887839.000,16.000
1390887839,1322.84,29.97,33.41,2.42,0.01,0.00,0,359,0.00,0.00,1390887823.000,1390887839.000,16.000
1390887840,1322.84,29.97,33.41,2.42,0.01,0.00,0,359,0.00,0.00,1390887823.000,1390887839.000,16.000
1390887840,1322.84,29.97,33.41,2.42,0.01,0.00,0,359,0.00,0.00,1390887823.000,1390887840.000,17.000
1390887841,1322.84,29.97,33.41,2.42,0.01,0.00,0,359,0.00,0.00,1390887823.000,1390887840.000,17.000
1390887842,1322.84,29.97,33.41,2.42,0.01,0.00,0,359,0.00,0.00,1390887823.000,1390887841.000,18.000
1390887842,1322.84,29.97,33.41,2.42,0.01,0.00,0,359,0.00,0.00,1390887823.000,1390887842.000,19.000
1390887843,1322.84,29.97,33.41,2.42,0.01,0.00,0,359,0.00,0.00,1390887823.000,1390887842.000,19.000
1390887844,1322.84,29.97,33.41,2.42,0.01,0.00,0,359,0.00,0.00,1390887823.000,1390887843.000,20.000
1390887844,1322.84,29.97,33.41,2.42,0.01,0.00,0,359,0.00,0.00,1390887823.000,1390887844.000,21.000
1390887845,1322.84,29.97,33.41,2.42,0.01,0.00,0,359,0.00,0.00,1390887823.000,1390887844.000,21.000
1390887846,1322.84,29.97,33.41,2.42,0.01,0.00,0,359,0.00,0.00,1390887823.000,1390887845.000,22.000
1390887847,1322.84,29.97,33.41,2.42,0.01,0.00,0,359,0.00,0.00,1390887823.000,1390887846.000,23.000
1390887847,1322.84,29.97,33.41,2.42,0.01,0.00,0,359,0.00,0.00,1390887823.000,1390887847.000,24.000
1390887848,1322.84,29.97,33.41,2.42,0.01,0.00,0,359,0.00,0.00,1390887823.000,1390887847.000,24.000
1390887849,1322.84,29.97,33.41,2.42,0.01,0.00,0,359,0.00,0.00,1390887823.000,1390887848.000,25.000
1390887849,1322.84,29.97,33.41,2.42,0.01,0.00,0,359,0.00,0.00,1390887823.000,1390887849.000,26.000
1390887850,1322.84,29.97,33.41,2.42,0.01,0.00,0,359,0.00,0.00,1390887823.000,1390887849.000,26.000
1390887850,1322.84,29.97,33.41,2.42,0.01,0.00,0,359,0.00,0.00,1390887823.000,1390887850.000,27.000
1390887851,1322.84,29.97,33.41,2.42,0.01,0.00,0,359,0.00,0.00,1390887823.000,1390887850.000,27.000
1390887852,1322.84,29.97,33.41,2.42,0.01,0.00,0,359,0.00,0.00,1390887823.000,1390887851.000,28.000
1390887852,1322.84,29.97,33.41,2.42,0.01,0.00,0,359,0.00,0.00,1390887823.000,1390887852.000,29.000
1390887853,1322.84,29.97,33.41,2.42,0.01,0.00,0,359,0.00,0.00,1390887823.000,1390887852.000,29.000
1390887856,1322.84,29.97,32.47,2.42,0.02,0.00,0,359,0.00,0.00,1390887823.000,1390887853.000,30.000
1390887859,1322.84,29.97,32.47,2.35,0.02,0.00,0,360,0.00,0.00,1390887856.000,1390887856.000,33.000
1390887859,1322.84,29.97,32.47,2.35,0.01,0.00,0,360,0.00,0.00,1390887856.000,1390887859.000,3.000
1390887859,1322.84,29.97,32.47,2.35,0.01,0.00,0,360,0.00,0.00,1390887856.000,1390887859.000,3.000
1390887860,1322.84,29.97,32.47,2.35,0.01,0.00,0,360,0.00,0.00,1390887856.000,1390887859.000,3.000
1390887860,1322.84,29.97,32.47,2.35,0.01,0.00,0,360,0.00,0.00,1390887856.000,1390887860.000,4.000
1390887861,1322.84,29.97,32.47,2.35,0.01,0.00,0,360,0.00,0.00,1390887856.000,1390887860.000,4.000
1390887862,1322.84,29.97,32.47,2.35,0.01,0.00,0,360,0.00,0.00,1390887856.000,1390887861.000,5.000
1390887862,1322.84,29.97,32.47,2.35,0.01,0.00,0,360,0.00,0.00,1390887856.000,1390887862.000,6.000
1390887863,1322.84,29.97,32.47,2.35,0.01,0.00,0,360,0.00,0.00,1390887856.000,1390887862.000,6.000
1390887863,1322.84,29.97,32.47,2.35,0.01,0.00,0,360,0.00,0.00,1390887856.000,1390887863.000,7.000
1390887864,1322.84,29.97,32.47,2.35,0.01,0.00,0,360,0.00,0.00,1390887856.000,1390887863.000,7.000
1390887864,1322.84,29.97,32.47,2.35,0.01,0.00,0,360,0.00,0.00,1390887856.000,1390887864.000,8.000
1390887865,1322.84,29.97,32.47,2.35,0.01,0.00,0,360,0.00,0.00,1390887856.000,1390887864.000,8.000
1390887866,1322.84,29.97,32.47,2.35,0.01,0.00,0,360,0.00,0.00,1390887856.000,1390887865.000,9.000
1390887866,1322.84,29.97,32.47,2.35,0.01,0.00,0,360,0.00,0.00,1390887856.000,1390887866.000,10.000
1390887867,1322.84,29.97,32.47,2.35,0.01,0.00,0,360,0.00,0.00,1390887856.000,1390887866.000,10.000
1390887867,1322.84,29.97,32.47,2.35,0.01,0.00,0,360,0.00,0.00,1390887856.000,1390887867.000,11.000
1390887868,1322.84,29.97,32.47,2.35,0.01,0.00,0,360,0.00,0.00,1390887856.000,1390887867.000,11.000
1390887869,1322.84,29.97,32.47,2.35,0.01,0.00,0,360,0.00,0.00,1390887856.000,1390887868.000,12.000
1390887869,1322.84,29.97,32.47,2.35,0.01,0.00,0,360,0.00,0.00,1390887856.000,1390887869.000,13.000
1390887870,1322.84,29.97,32.47,2.35,0.01,0.00,0,360,0.00,0.00,1390887856.000,1390887869.000,13.000
1390887872,1322.84,29.97,32.47,2.35,0.01,0.00,0,360,0.00,0.00,1390887856.000,1390887870.000,14.000
1390887872,1322.84,29.97,32.47,2.35,0.01,0.00,0,360,0.00,0.00,1390887856.000,1390887872.000,16.000
1390887873,1322.84,29.97,32.47,2.35,0.01,0.00,0,360,0.00,0.00,1390887856.000,1390887872.000,16.000
1390887873,1322.84,29.97,32.47,2.35,0.01,0.00,0,360,0.00,0.00,1390887856.000,1390887873.000,17.000
1390887874,1322.84,29.97,32.47,2.35,0.01,0.00,0,360,0.00,0.00,1390887856.000,1390887873.000,17.000
1390887875,1322.84,29.97,32.47,2.35,0.01,0.00,0,360,0.00,0.00,1390887856.000,1390887874.000,18.000
1390887875,1322.84,29.97,32.47,2.35,0.01,0.00,0,360,0.00,0.00,1390887856.000,1390887875.000,19.000
1390887876,1322.84,29.97,32.47,2.35,0.01,0.00,0,360,0.00,0.00,1390887856.000,1390887875.000,19.000
1390887877,1322.84,29.97,32.47,2.35,0.01,0.00,0,360,0.00,0.00,1390887856.000,1390887876.000,20.000
1390887877,1322.84,29.97,32.47,2.35,0.01,0.00,0,360,0.00,0.00,1390887856.000,1390887877.000,21.000
1390887878,1322.84,29.97,32.47,2.35,0.01,0.00,0,360,0.00,0.00,1390887856.000,1390887877.000,21.000
1390887879,1322.84,29.97,32.47,2.35,0.01,0.00,0,360,0.00,0.00,1390887856.000,1390887878.000,22.000
1390887880,1322.84,29.97,32.47,2.35,0.01,0.00,0,360,0.00,0.00,1390887856.000,1390887879.000,23.000
1390887881,1322.84,29.97,32.47,2.35,0.01,0.00,0,360,0.00,0.00,1390887856.000,1390887880.000,24.000
1390887881,1322.84,29.97,32.47,2.35,0.01,0.00,0,360,0.00,0.00,1390887856.000,1390887881.000,25.000
1390887882,1322.84,29.97,32.47,2.35,0.01,0.00,0,360,0.00,0.00,1390887856.000,1390887881.000,25.000
1390887883,1322.84,29.97,32.47,2.35,0.01,0.00,0,360,0.00,0.00,1390887856.000,1390887882.000,26.000
1390887883,1322.84,29.97,32.47,2.35,0.01,0.00,0,360,0.00,0.00,1390887856.000,1390887883.000,27.000
1390887884,1322.84,29.97,32.47,2.35,0.01,0.00,0,360,0.00,0.00,1390887856.000,1390887883.000,27.000
1390887884,1322.84,29.97,32.47,2.35,0.01,0.00,0,360,0.00,0.00,1390887856.000,1390887884.000,28.000
1390887885,1322.84,29.97,32.47,2.35,0.01,0.00,0,360,0.00,0.00,1390887856.000,1390887884.000,28.000
1390887886,1322.84,29.97,32.47,2.35,0.01,0.00,0,360,0.00,0.00,1390887856.000,1390887885.000,29.000
1390887886,1322.84,29.97,32.47,2.35,0.01,0.00,0,360,0.00,0.00,1390887856.000,1390887886.000,30.000
1390887892,1322.84,29.97,32.60,2.10,0.02,0.00,0,361,0.00,0.00,1390887889.000,1390887886.000,30.000
1390887892,1322.84,29.97,32.60,2.10,0.01,0.00,0,361,0.00,0.00,1390887889.000,1390887892.000,3.000
1390887892,1322.84,29.97,32.60,2.10,0.01,0.00,0,361,0.00,0.00,1390887889.000,1390887892.000,3.000
1390887893,1322.84,29.97,32.60,2.10,0.01,0.00,0,361,0.00,0.00,1390887889.000,1390887892.000,3.000
1390887894,1322.84,29.97,32.60,2.10,0.01,0.00,0,361,0.00,0.00,1390887889.000,1390887893.000,4.000
1390887894,1322.84,29.97,32.60,2.10,0.01,0.00,0,361,0.00,0.00,1390887889.000,1390887894.000,5.000
1390887895,1322.84,29.97,32.60,2.10,0.01,0.00,0,361,0.00,0.00,1390887889.000,1390887894.000,5.000
1390887895,1322.84,29.97,32.60,2.10,0.01,0.00,0,361,0.00,0.00,1390887889.000,1390887895.000,6.000
1390887896,1322.84,29.97,32.60,2.10,0.01,0.00,0,361,0.00,0.00,1390887889.000,1390887895.000,6.000
1390887896,1322.84,29.97,32.60,2.10,0.01,0.00,0,361,0.00,0.00,1390887889.000,1390887896.000,7.000
1390887897,1322.84,29.97,32.60,2.10,0.01,0.00,0,361,0.00,0.00,1390887889.000,1390887896.000,7.000
1390887898,1322.84,29.97,32.60,2.10,0.01,0.00,0,361,0.00,0.00,1390887889.000,1390887897.000,8.000
1390887898,1322.84,29.97,32.60,2.10,0.01,0.00,0,361,0.00,0.00,1390887889.000,1390887898.000,9.000
1390887899,1322.84,29.97,32.60,2.10,0.01,0.00,0,361,0.00,0.00,1390887889.000,1390887898.000,9.000
1390887899,1322.84,29.97,32.60,2.10,0.01,0.00,0,361,0.00,0.00,1390887889.000,1390887899.000,10.000
1390887900,1322.84,29.97,32.60,2.10,0.01,0.00,0,361,0.00,0.00,1390887889.000,1390887899.000,10.000
1390887901,1322.84,29.97,32.60,2.10,0.01,0.00,0,361,0.00,0.00,1390887889.000,1390887900.000,11.000
1390887901,1322.84,29.97,32.60,2.10,0.01,0.00,0,361,0.00,0.00,1390887889.000,1390887901.000,12.000
1390887902,1322.84,29.97,32.60,2.10,0.01,0.00,0,361,0.00,0.00,1390887889.000,1390887901.000,12.000
1390887902,1322.84,29.97,32.60,2.10,0.01,0.00,0,361,0.00,0.00,1390887889.000,1390887902.000,13.000
1390887903,1322.84,29.97,32.60,2.10,0.01,0.00,0,361,0.00,0.00,1390887889.000,1390887902.000,13.000
1390887905,1322.84,29.97,32.60,2.10,0.01,0.00,0,361,0.00,0.00,1390887889.000,1390887903.000,14.000
1390887905,1322.84,29.97,32.60,2.10,0.01,0.00,0,361,0.00,0.00,1390887889.000,1390887905.000,16.000
1390887906,1322.84,29.97,32.60,2.10,0.01,0.00,0,361,0.00,0.00,1390887889.000,1390887905.000,16.000
1390887907,1322.84,29.97,32.60,2.10,0.01,0.00,0,361,0.00,0.00,1390887889.000,1390887906.000,17.000
1390887907,1322.84,29.97,32.60,2.10,0.01,0.00,0,361,0.00,0.00,1390887889.000,1390887907.000,18.000
1390887908,1322.84,29.97,32.60,2.10,0.01,0.00,0,361,0.00,0.00,1390887889.000,1390887907.000,18.000
1390887908,1322.84,29.97,32.60,2.10,0.01,0.00,0,361,0.00,0.00,1390887889.000,1390887908.000,19.000
1390887909,1322.84,29.97,32.60,2.10,0.01,0.00,0,361,0.00,0.00,1390887889.000,1390887908.000,19.000
1390887910,1322.84,29.97,32.60,2.10,0.01,0.00,0,361,0.00,0.00,1390887889.000,1390887909.000,20.000
1390887911,1322.84,29.97,32.60,2.10,0.01,0.00,0,361,0.00,0.00,1390887889.000,1390887910.000,21.000
1390887911,1322.84,29.97,32.60,2.10,0.01,0.00,0,361,0.00,0.00,1390887889.000,1390887911.000,22.000
1390887912,1322.84,29.97,32.60,2.10,0.01,0.00,0,361,0.00,0.00,1390887889.000,1390887911.000,22.000
1390887913,1322.84,29.97,32.60,2.10,0.01,0.00,0,361,0.00,0.00,1390887889.000,1390887912.000,23.000
1390887913,1322.84,29.97,32.60,2.10,0.01,0.00,0,361,0.00,0.00,1390887889.000,1390887913.000,24.000
1390887914,1322.84,29.97,32.60,2.10,0.01,0.00,0,361,0.00,0.00,1390887889.000,1390887913.000,24.000
1390887915,1322.84,29.97,32.60,2.10,0.01,0.00,0,361,0.00,0.00,1390887889.000,1390887914.000,25.000
1390887915,1322.84,29.97,32.60,2.10,0.01,0.00,0,361,0.00,0.00,1390887889.000,1390887915.000,26.000
1390887916,1322.84,29.97,32.60,2.10,0.01,0.00,0,361,0.00,0.00,1390887889.000,1390887915.000,26.000
1390887917,1322.84,29.97,32.60,2.10,0.01,0.00,0,361,0.00,0.00,1390887889.000,1390887916.000,27.000
1390887917,1322.84,29.97,32.60,2.10,0.01,0.00,0,361,0.00,0.00,1390887889.000,1390887917.000,28.000
1390887918,1322.84,29.97,32.60,2.10,0.01,0.00,0,361,0.00,0.00,1390887889.000,1390887917.000,28.000
1390887919,1334.31,29.97,32.60,2.10,0.01,0.00,0,361,0.00,0.00,1390887889.000,1390887918.000,29.000
1390887919,1334.31,29.97,32.60,2.10,0.01,0.00,0,361,0.00,0.00,1390887889.000,1390887919.000,30.000
1390887922,1334.31,29.97,32.60,2.10,0.01,0.00,0,361,0.00,0.00,1390887889.000,1390887919.000,30.000
1390887922,1334.31,29.97,32.60,2.10,0.02,0.00,0,361,0.00,0.00,1390887889.000,1390887922.000,33.000
1390887926,1334.31,29.97,33.23,2.58,0.02,0.00,0,362,0.00,0.00,1390887923.000,1390887922.000,33.000
1390887926,1334.31,29.97,33.23,2.58,0.01,0.00,0,362,0.00,0.00,1390887923.000,1390887926.000,3.000
1390887926,1334.31,29.97,33.23,2.58,0.01,0.00,0,362,0.00,0.00,1390887923.000,1390887926.000,3.000
1390887927,1334.31,29.97,33.23,2.58,0.01,0.00,0,362,0.00,0.00,1390887923.000,1390887926.000,3.000
1390887928,1334.31,29.97,33.23,2.58,0.01,0.00,0,362,0.00,0.00,1390887923.000,1390887927.000,4.000
1390887928,1334.31,29.97,33.23,2.58,0.01,0.00,0,362,0.00,0.00,1390887923.000,1390887928.000,5.000
1390887929,1334.31,29.97,33.23,2.58,0.01,0.00,0,362,0.00,0.00,1390887923.000,1390887928.000,5.000
1390887929,1334.31,29.97,33.23,2.58,0.01,0.00,0,362,0.00,0.00,1390887923.000,1390887929.000,6.000
1390887930,1334.31,29.97,33.23,2.58,0.01,0.00,0,362,0.00,0.00,1390887923.000,1390887929.000,6.000
1390887931,1334.31,29.97,33.23,2.58,0.01,0.00,0,362,0.00,0.00,1390887923.000,1390887930.000,7.000
1390887931,1334.31,29.97,33.23,2.58,0.01,0.00,0,362,0.00,0.00,1390887923.000,1390887931.000,8.000
1390887932,1334.31,29.97,33.23,2.58,0.01,0.00,0,362,0.00,0.00,1390887923.000,1390887931.000,8.000
1390887932,1334.31,29.97,33.23,2.58,0.01,0.00,0,362,0.00,0.00,1390887923.000,1390887932.000,9.000
1390887933,1334.31,29.97,33.23,2.58,0.01,0.00,0,362,0.00,0.00,1390887923.000,1390887932.000,9.000
1390887933,1334.31,29.97,33.23,2.58,0.01,0.00,0,362,0.00,0.00,1390887923.000,1390887933.000,10.000
1390887934,1334.31,29.97,33.23,2.58,0.01,0.00,0,362,0.00,0.00,1390887923.000,1390887933.000,10.000
1390887935,1334.31,29.97,33.23,2.58,0.01,0.00,0,362,0.00,0.00,1390887923.000,1390887934.000,11.000
1390887935,1334.31,29.97,33.23,2.58,0.01,0.00,0,362,0.00,0.00,1390887923.000,1390887935.000,12.000
1390887936,1334.31,29.97,33.23,2.58,0.01,0.00,0,362,0.00,0.00,1390887923.000,1390887935.000,12.000
1390887936,1334.31,29.97,33.23,2.58,0.01,0.00,0,362,0.00,0.00,1390887923.000,1390887936.000,13.000
1390887939,1334.31,29.97,33.23,2.58,0.01,0.00,0,362,0.00,0.00,1390887923.000,1390887936.000,13.000
1390887939,1334.31,29.97,33.23,2.58,0.01,0.00,0,362,0.00,0.00,1390887923.000,1390887939.000,16.000
1390887940,1334.31,29.97,33.23,2.58,0.01,0.00,0,362,0.00,0.00,1390887923.000,1390887939.000,16.000
1390887940,1334.31,29.97,33.23,2.58,0.01,0.00,0,362,0.00,0.00,1390887923.000,1390887940.000,17.000
1390887941,1334.31,29.97,33.23,2.58,0.01,0.00,0,362,0.00,0.00,1390887923.000,1390887940.000,17.000
1390887941,1334.31,29.97,33.23,2.58,0.01,0.00,0,362,0.00,0.00,1390887923.000,1390887941.000,18.000
1390887942,1334.31,29.97,33.23,2.58,0.01,0.00,0,362,0.00,0.00,1390887923.000,1390887941.000,18.000
1390887943,1334.31,29.97,33.23,2.58,0.01,0.00,0,362,0.00,0.00,1390887923.000,1390887942.000,19.000
1390887943,1334.31,29.97,33.23,2.58,0.01,0.00,0,362,0.00,0.00,1390887923.000,1390887943.000,20.000
1390887944,1334.31,29.97,33.23,2.58,0.01,0.00,0,362,0.00,0.00,1390887923.000,1390887943.000,20.000
1390887945,1334.31,29.97,33.23,2.58,0.01,0.00,0,362,0.00,0.00,1390887923.000,1390887944.000,21.000
1390887946,1334.31,29.97,33.23,2.58,0.01,0.00,0,362,0.00,0.00,1390887923.000,1390887945.000,22.000
1390887946,1334.31,29.97,33.23,2.58,0.01,0.00,0,362,0.00,0.00,1390887923.000,1390887946.000,23.000
1390887947,1334.31,29.97,33.23,2.58,0.01,0.00,0,362,0.00,0.00,1390887923.000,1390887946.000,23.000
1390887948,1334.31,29.97,33.23,2.58,0.01,0.00,0,362,0.00,0.00,1390887923.000,1390887947.000,24.000
1390887948,1334.31,29.97,33.23,2.58,0.01,0.00,0,362,0.00,0.00,1390887923.000,1390887948.000,25.000
1390887949,1334.31,29.97,33.23,2.58,0.01,0.00,0,362,0.00,0.00,1390887923.000,1390887948.000,25.000
1390887950,1334.31,29.97,33.23,2.58,0.01,0.00,0,362,0.00,0.00,1390887923.000,1390887949.000,26.000
1390887950,1334.31,29.97,33.23,2.58,0.01,0.00,0,362,0.00,0.00,1390887923.000,1390887950.000,27.000
1390887951,1334.31,29.97,33.23,2.58,0.01,0.00,0,362,0.00,0.00,1390887923.000,1390887950.000,27.000
1390887951,1334.31,29.97,33.23,2.58,0.01,0.00,0,362,0.00,0.00,1390887923.000,1390887951.000,28.000
1390887952,1334.31,29.97,33.23,2.58,0.01,0.00,0,362,0.00,0.00,1390887923.000,1390887951.000,28.000
1390887953,1334.31,29.97,33.23,2.58,0.01,0.00,0,362,0.00,0.00,1390887923.000,1390887952.000,29.000
1390887955,1334.31,29.97,33.23,2.58,0.01,0.00,0,362,0.00,0.00,1390887923.000,1390887953.000,30.000
1390887956,1334.31,29.97,33.23,2.58,0.01,0.00,0,362,0.00,0.00,1390887923.000,1390887955.000,32.000
1390887959,1334.31,29.97,32.50,2.59,0.02,0.00,0,363,0.00,0.00,1390887956.000,1390887956.000,33.000
1390887959,1334.31,29.97,32.50,2.59,0.01,0.00,0,363,0.00,0.00,1390887956.000,1390887959.000,3.000
1390887960,1334.31,29.97,32.50,2.59,0.01,0.00,0,363,0.00,0.00,1390887956.000,1390887959.000,3.000
1390887961,1334.31,29.97,32.50,2.59,0.01,0.00,0,363,0.00,0.00,1390887956.000,1390887960.000,4.000
1390887961,1334.31,29.97,32.50,2.59,0.01,0.00,0,363,0.00,0.00,1390887956.000,1390887961.000,5.000
1390887962,1334.31,29.97,32.50,2.59,0.01,0.00,0,363,0.00,0.00,1390887956.000,1390887961.000,5.000
1390887962,1334.31,29.97,32.50,2.59,0.01,0.00,0,363,0.00,0.00,1390887956.000,1390887962.000,6.000
1390887963,1334.31,29.97,32.50,2.59,0.01,0.00,0,363,0.00,0.00,1390887956.000,1390887962.000,6.000
1390887963,1334.31,29.97,32.50,2.59,0.01,0.00,0,363,0.00,0.00,1390887956.000,1390887963.000,7.000
1390887964,1334.31,29.97,32.50,2.59,0.01,0.00,0,363,0.00,0.00,1390887956.000,1390887963.000,7.000
1390887965,1334.31,29.97,32.50,2.59,0.01,0.00,0,363,0.00,0.00,1390887956.000,1390887964.000,8.000
1390887965,1334.31,29.97,32.50,2.59,0.01,0.00,0,363,0.00,0.00,1390887956.000,1390887965.000,9.000
1390887966,1334.31,29.97,32.50,2.59,0.01,0.00,0,363,0.00,0.00,1390887956.000,1390887965.000,9.000
1390887966,1334.31,29.97,32.50,2.59,0.01,0.00,0,363,0.00,0.00,1390887956.000,1390887966.000,10.000
1390887967,1334.31,29.97,32.50,2.59,0.01,0.00,0,363,0.00,0.00,1390887956.000,1390887966.000,10.000
1390887967,1334.31,29.97,32.50,2.59,0.01,0.00,0,363,0.00,0.00,1390887956.000,1390887967.000,11.000
1390887968,1334.31,29.97,32.50,2.59,0.01,0.00,0,363,0.00,0.00,1390887956.000,1390887968.000,12.000
1390887969,1334.31,29.97,32.50,2.59,0.01,0.00,0,363,0.00,0.00,1390887956.000,1390887968.000,12.000
1390887969,1334.31,29.97,32.50,2.59,0.01,0.00,0,363,0.00,0.00,1390887956.000,1390887969.000,13.000
1390887972,1334.31,29.97,32.50,2.59,0.01,0.00,0,363,0.00,0.00,1390887956.000,1390887969.000,13.000
1390887972,1334.31,29.97,32.50,2.59,0.01,0.00,0,363,0.00,0.00,1390887956.000,1390887972.000,16.000
1390887973,1334.31,29.97,32.50,2.59,0.01,0.00,0,363,0.00,0.00,1390887956.000,1390887972.000,16.000
1390887973,1334.31,29.97,32.50,2.59,0.01,0.00,0,363,0.00,0.00,1390887956.000,1390887973.000,17.000
1390887974,1334.31,29.97,32.50,2.59,0.01,0.00,0,363,0.00,0.00,1390887956.000,1390887973.000,17.000
1390887974,1334.31,29.97,32.50,2.59,0.01,0.00,0,363,0.00,0.00,1390887956.000,1390887974.000,18.000
1390887975,1334.31,29.97,32.50,2.59,0.01,0.00,0,363,0.00,0.00,1390887956.000,1390887974.000,18.000
1390887975,1334.31,29.97,32.50,2.59,0.01,0.00,0,363,0.00,0.00,1390887956.000,1390887975.000,19.000
1390887976,1334.31,29.97,32.50,2.59,0.01,0.00,0,363,0.00,0.00,1390887956.000,1390887975.000,19.000
1390887977,1334.31,29.97,32.50,2.59,0.01,0.00,0,363,0.00,0.00,1390887956.000,1390887976.000,20.000
1390887978,1334.31,29.97,32.50,2.59,0.01,0.00,0,363,0.00,0.00,1390887956.000,1390887977.000,21.000
1390887978,1334.31,29.97,32.50,2.59,0.01,0.00,0,363,0.00,0.00,1390887956.000,1390887978.000,22.000
1390887979,1334.31,29.97,32.50,2.59,0.01,0.00,0,363,0.00,0.00,1390887956.000,1390887978.000,22.000
1390887980,1334.31,29.97,32.50,2.59,0.01,0.00,0,363,0.00,0.00,1390887956.000,1390887979.000,23.000
1390887981,1334.31,29.97,32.50,2.59,0.01,0.00,0,363,0.00,0.00,1390887956.000,1390887980.000,24.000
1390887981,1334.31,29.97,32.50,2.59,0.01,0.00,0,363,0.00,0.00,1390887956.000,1390887981.000,25.000
1390887982,1334.31,29.97,32.50,2.59,0.01,0.00,0,363,0.00,0.00,1390887956.000,1390887981.000,25.000
1390887982,1334.31,29.97,32.50,2.59,0.01,0.00,0,363,0.00,0.00,1390887956.000,1390887982.000,26.000
1390887983,1334.31,29.97,32.50,2.59,0.01,0.00,0,363,0.00,0.00,1390887956.000,1390887982.000,26.000
1390887984,1334.31,29.97,32.50,2.59,0.01,0.00,0,363,0.00,0.00,1390887956.000,1390887983.000,27.000
1390887984,1334.31,29.97,32.50,2.59,0.01,0.00,0,363,0.00,0.00,1390887956.000,1390887984.000,28.000
1390887985,1334.31,29.97,32.50,2.59,0.01,0.00,0,363,0.00,0.00,1390887956.000,1390887984.000,28.000
1390887986,1334.31,29.97,32.50,2.59,0.01,0.00,0,363,0.00,0.00,1390887956.000,1390887985.000,29.000
1390887986,1334.31,29.97,32.50,2.59,0.01,0.00,0,363,0.00,0.00,1390887956.000,1390887986.000,30.000
1390887989,1334.31,29.97,32.50,2.59,0.01,0.00,0,363,0.00,0.00,1390887956.000,1390887986.000,30.000
1390887989,1334.31,29.97,32.50,2.59,0.01,0.00,0,363,0.00,0.00,1390887956.000,1390887989.000,33.000
1390887993,1334.31,30.00,32.71,2.55,0.02,0.00,0,364,0.00,0.00,1390887990.000,1390887989.000,33.000
1390887993,1334.31,30.00,32.71,2.55,0.01,0.00,0,364,0.00,0.00,1390887990.000,1390887993.000,3.000
1390887993,1334.31,30.00,32.71,2.55,0.01,0.00,0,364,0.00,0.00,1390887990.000,1390887993.000,3.000
1390887994,1334.31,30.00,32.71,2.55,0.01,0.00,0,364,0.00,0.00,1390887990.000,1390887993.000,3.000
1390887994,1334.31,30.00,32.71,2.55,0.01,0.00,0,364,0.00,0.00,1390887990.000,1390887994.000,4.000
1390887995,1334.31,30.00,32.71,2.55,0.01,0.00,0,364,0.00,0.00,1390887990.000,1390887994.000,4.000
1390887996,1334.31,30.00,32.71,2.55,0.01,0.00,0,364,0.00,0.00,1390887990.000,1390887995.000,5.000
1390887996,1334.31,30.00,32.71,2.55,0.01,0.00,0,364,0.00,0.00,1390887990.000,1390887996.000,6.000
1390887997,1334.31,30.00,32.71,2.55,0.01,0.00,0,364,0.00,0.00,1390887990.000,1390887996.000,6.000
1390887997,1334.31,30.00,32.71,2.55,0.01,0.00,0,364,0.00,0.00,1390887990.000,1390887997.000,7.000
1390887998,1334.31,30.00,32.71,2.55,0.01,0.00,0,364,0.00,0.00,1390887990.000,1390887997.000,7.000
1390887998,1334.31,30.00,32.71,2.55,0.01,0.00,0,364,0.00,0.00,1390887990.000,1390887998.000,8.000
1390887999,1334.31,30.00,32.71,2.55,0.01,0.00,0,364,0.00,0.00,1390887990.000,1390887998.000,8.000
1390888000,1334.31,30.00,32.71,2.55,0.01,0.00,0,364,0.00,0.00,1390887990.000,1390887999.000,9.000
1390888000,1334.31,30.00,32.71,2.55,0.01,0.00,0,364,0.00,0.00,1390887990.000,1390888000.000,10.000
1390888001,1334.31,30.00,32.71,2.55,0.01,0.00,0,364,0.00,0.00,1390887990.000,1390888000.000,10.000
1390888001,1334.31,30.00,32.71,2.55,0.01,0.00,0,364,0.00,0.00,1390887990.000,1390888001.000,11.000
1390888002,1334.31,30.00,32.71,2.55,0.01,0.00,0,364,0.00,0.00,1390887990.000,1390888001.000,11.000
1390888003,1334.31,30.00,32.71,2.55,0.01,0.00,0,364,0.00,0.00,1390887990.000,1390888002.000,12.000
1390888003,1334.31,30.00,32.71,2.55,0.01,0.00,0,364,0.00,0.00,1390887990.000,1390888003.000,13.000
1390888005,1334.31,30.00,32.71,2.55,0.01,0.00,0,364,0.00,0.00,1390887990.000,1390888003.000,13.000
1390888006,1334.31,30.00,32.71,2.55,0.01,0.00,0,364,0.00,0.00,1390887990.000,1390888005.000,15.000
1390888006,1334.31,30.00,32.71,2.55,0.01,0.00,0,364,0.00,0.00,1390887990.000,1390888006.000,16.000
1390888007,1334.31,30.00,32.71,2.55,0.01,0.00,0,364,0.00,0.00,1390887990.000,1390888006.000,16.000
1390888007,1334.31,30.00,32.71,2.55,0.01,0.00,0,364,0.00,0.00,1390887990.000,1390888007.000,17.000
1390888008,1334.31,30.00,32.71,2.55,0.01,0.00,0,364,0.00,0.00,1390887990.000,1390888007.000,17.000
1390888008,1334.31,30.00,32.71,2.55,0.01,0.00,0,364,0.00,0.00,1390887990.000,1390888008.000,18.000
1390888009,1334.31,30.00,32.71,2.55,0.01,0.00,0,364,0.00,0.00,1390887990.000,1390888008.000,18.000
1390888010,1334.31,30.00,32.71,2.55,0.01,0.00,0,364,0.00,0.00,1390887990.000,1390888009.000,19.000
1390888011,1334.31,30.00,32.71,2.55,0.01,0.00,0,364,0.00,0.00,1390887990.000,1390888010.000,20.000
1390888011,1334.31,30.00,32.71,2.55,0.01,0.00,0,364,0.00,0.00,1390887990.000,1390888011.000,21.000
1390888012,1334.31,30.00,32.71,2.55,0.01,0.00,0,364,0.00,0.00,1390887990.000,1390888011.000,21.000
1390888013,1334.31,30.00,32.71,2.55,0.01,0.00,0,364,0.00,0.00,1390887990.000,1390888012.000,22.000
1390888013,1334.31,30.00,32.71,2.55,0.01,0.00,0,364,0.00,0.00,1390887990.000,1390888013.000,23.000
1390888014,1334.31,30.00,32.71,2.55,0.01,0.00,0,364,0.00,0.00,1390887990.000,1390888013.000,23.000
1390888015,1334.31,30.00,32.71,2.55,0.01,0.00,0,364,0.00,0.00,1390887990.000,1390888014.000,24.000
1390888015,1334.31,30.00,32.71,2.55,0.01,0.00,0,364,0.00,0.00,1390887990.000,1390888015.000,25.000
1390888016,1334.31,30.00,32.71,2.55,0.01,0.00,0,364,0.00,0.00,1390887990.000,1390888015.000,25.000
1390888017,1334.31,30.00,32.71,2.55,0.01,0.00,0,364,0.00,0.00,1390887990.000,1390888016.000,26.000
1390888017,1334.31,30.00,32.71,2.55,0.01,0.00,0,364,0.00,0.00,1390887990.000,1390888017.000,27.000
1390888018,1334.31,30.00,32.71,2.55,0.01,0.00,0,364,0.00,0.00,1390887990.000,1390888017.000,27.000
1390888018,1334.31,30.00,32.71,2.55,0.01,0.00,0,364,0.00,0.00,1390887990.000,1390888018.000,28.000
1390888019,1334.31,30.00,32.71,2.55,0.01,0.00,0,364,0.00,0.00,1390887990.000,1390888018.000,28.000
1390888020,1334.31,30.00,32.71,2.55,0.01,0.00,0,364,0.00,0.00,1390887990.000,1390888019.000,29.000
1390888022,1334.31,30.00,32.71,2.55,0.01,0.00,0,364,0.00,0.00,1390887990.000,1390888020.000,30.000
1390888022,1334.31,30.00,32.71,2.55,0.01,0.00,0,364,0.00,0.00,1390887990.000,1390888022.000,32.000
1390888026,1334.31,30.00,32.82,1.98,0.02,0.00,0,365,0.00,0.00,1390888023.000,1390888022.000,32.000
1390888026,1334.31,30.00,32.82,1.98,0.01,0.00,0,365,0.00,0.00,1390888023.000,1390888026.000,3.000
1390888026,1334.31,30.00,32.82,1.98,0.01,0.00,0,365,0.00,0.00,1390888023.000,1390888026.000,3.000
1390888027,1334.31,30.00,32.82,1.98,0.01,0.00,0,365,0.00,0.00,1390888023.000,1390888026.000,3.000
1390888028,1334.31,30.00,32.82,1.98,0.01,0.00,0,365,0.00,0.00,1390888023.000,1390888028.000,5.000
1390888028,1334.31,30.00,32.82,1.98,0.01,0.00,0,365,0.00,0.00,1390888023.000,1390888028.000,5.000
1390888029,1334.31,30.00,32.82,1.98,0.01,0.00,0,365,0.00,0.00,1390888023.000,1390888028.000,5.000
1390888030,1334.31,30.00,32.82,1.98,0.01,0.00,0,365,0.00,0.00,1390888023.000,1390888029.000,6.000
1390888030,1334.31,30.00,32.82,1.98,0.01,0.00,0,365,0.00,0.00,1390888023.000,1390888030.000,7.000
1390888031,1334.31,30.00,32.82,1.98,0.01,0.00,0,365,0.00,0.00,1390888023.000,1390888030.000,7.000
1390888031,1334.31,30.00,32.82,1.98,0.01,0.00,0,365,0.00,0.00,1390888023.000,1390888031.000,8.000
1390888032,1334.31,30.00,32.82,1.98,0.01,0.00,0,365,0.00,0.00,1390888023.000,1390888031.000,8.000
1390888032,1334.31,30.00,32.82,1.98,0.01,0.00,0,365,0.00,0.00,1390888023.000,1390888032.000,9.000
1390888033,1334.31,30.00,32.82,1.98,0.01,0.00,0,365,0.00,0.00,1390888023.000,1390888032.000,9.000
1390888034,1334.31,30.00,32.82,1.98,0.01,0.00,0,365,0.00,0.00,1390888023.000,1390888033.000,10.000
1390888034,1334.31,30.00,32.82,1.98,0.01,0.00,0,365,0.00,0.00,1390888023.000,1390888034.000,11.000
1390888035,1334.31,30.00,32.82,1.98,0.01,0.00,0,365,0.00,0.00,1390888023.000,1390888034.000,11.000
1390888035,1334.31,30.00,32.82,1.98,0.01,0.00,0,365,0.00,0.00,1390888023.000,1390888035.000,12.000
1390888036,1334.31,30.00,32.82,1.98,0.01,0.00,0,365,0.00,0.00,1390888023.000,1390888035.000,12.000
1390888038,1334.31,30.00,32.82,1.98,0.01,0.00,0,365,0.00,0.00,1390888023.000,1390888036.000,13.000
1390888039,1334.31,30.00,32.82,1.98,0.01,0.00,0,365,0.00,0.00,1390888023.000,1390888038.000,15.000
1390888039,1334.31,30.00,32.82,1.98,0.01,0.00,0,365,0.00,0.00,1390888023.000,1390888039.000,16.000
1390888040,1334.31,30.00,32.82,1.98,0.01,0.00,0,365,0.00,0.00,1390888023.000,1390888039.000,16.000
1390888040,1334.31,30.00,32.82,1.98,0.01,0.00,0,365,0.00,0.00,1390888023.000,1390888040.000,17.000
1390888041,1334.31,30.00,32.82,1.98,0.01,0.00,0,365,0.00,0.00,1390888023.000,1390888040.000,17.000
1390888042,1334.31,30.00,32.82,1.98,0.01,0.00,0,365,0.00,0.00,1390888023.000,1390888041.000,18.000
1390888042,1334.31,30.00,32.82,1.98,0.01,0.00,0,365,0.00,0.00,1390888023.000,1390888042.000,19.000
1390888043,1334.31,30.00,32.82,1.98,0.01,0.00,0,365,0.00,0.00,1390888023.000,1390888042.000,19.000
1390888044,1334.31,30.00,32.82,1.98,0.01,0.00,0,365,0.00,0.00,1390888023.000,1390888043.000,20.000
1390888044,1334.31,30.00,32.82,1.98,0.01,0.00,0,365,0.00,0.00,1390888023.000,1390888044.000,21.000
1390888045,1334.31,30.00,32.82,1.98,0.01,0.00,0,365,0.00,0.00,1390888023.000,1390888044.000,21.000
1390888046,1334.31,30.00,32.82,1.98,0.01,0.00,0,365,0.00,0.00,1390888023.000,1390888045.000,22.000
1390888046,1334.31,30.00,32.82,1.98,0.01,0.00,0,365,0.00,0.00,1390888023.000,1390888046.000,23.000
1390888047,1334.31,30.00,32.82,1.98,0.01,0.00,0,365,0.00,0.00,1390888023.000,1390888046.000,23.000
1390888048,1334.31,30.00,32.82,1.98,0.01,0.00,0,365,0.00,0.00,1390888023.000,1390888047.000,24.000
1390888049,1334.31,30.00,32.82,1.98,0.01,0.00,0,365,0.00,0.00,1390888023.000,1390888048.000,25.000
1390888049,1334.31,30.00,32.82,1.98,0.01,0.00,0,365,0.00,0.00,1390888023.000,1390888049.000,26.000
1390888050,1334.31,30.00,32.82,1.98,0.01,0.00,0,365,0.00,0.00,1390888023.000,1390888049.000,26.000
1390888050,1334.31,30.00,32.82,1.98,0.01,0.00,0,365,0.00,0.00,1390888023.000,1390888050.000,27.000
1390888051,1334.31,30.00,32.82,1.98,0.01,0.00,0,365,0.00,0.00,1390888023.000,1390888050.000,27.000
1390888052,1334.31,30.00,32.82,1.98,0.01,0.00,0,365,0.00,0.00,1390888023.000,1390888051.000,28.000
1390888052,1334.31,30.00,32.82,1.98,0.01,0.00,0,365,0.00,0.00,1390888023.000,1390888052.000,29.000
1390888053,1334.31,30.00,32.82,1.98,0.01,0.00,0,365,0.00,0.00,1390888023.000,1390888052.000,29.000
1390888055,1334.31,30.00,32.82,1.98,0.01,0.00,0,365,0.00,0.00,1390888023.000,1390888053.000,30.000
1390888056,1334.31,30.00,32.46,1.98,0.01,0.00,0,365,0.00,0.00,1390888023.000,1390888056.000,33.000
1390888059,1334.31,30.00,32.46,2.18,0.02,0.00,0,366,0.00,0.00,1390888056.000,1390888056.000,33.000
1390888059,1334.31,30.00,32.46,2.18,0.01,0.00,0,366,0.00,0.00,1390888056.000,1390888059.000,3.000
1390888060,1334.31,30.00,32.46,2.18,0.01,0.00,0,366,0.00,0.00,1390888056.000,1390888059.000,3.000
1390888061,1334.31,30.00,32.46,2.18,0.01,0.00,0,366,0.00,0.00,1390888056.000,1390888060.000,4.000
1390888061,1334.31,30.00,32.46,2.18,0.01,0.00,0,366,0.00,0.00,1390888056.000,1390888061.000,5.000
1390888062,1334.31,30.00,32.46,2.18,0.01,0.00,0,366,0.00,0.00,1390888056.000,1390888061.000,5.000
1390888062,1334.31,30.00,32.46,2.18,0.01,0.00,0,366,0.00,0.00,1390888056.000,1390888062.000,6.000
1390888063,1334.31,30.00,32.46,2.18,0.01,0.00,0,366,0.00,0.00,1390888056.000,1390888062.000,6.000
1390888063,1334.31,30.00,32.46,2.18,0.01,0.00,0,366,0.00,0.00,1390888056.000,1390888063.000,7.000
1390888064,1334.31,30.00,32.46,2.18,0.01,0.00,0,366,0.00,0.00,1390888056.000,1390888063.000,7.000
1390888065,1334.31,30.00,32.46,2.18,0.01,0.00,0,366,0.00,0.00,1390888056.000,1390888064.000,8.000
1390888065,1334.31,30.00,32.46,2.18,0.01,0.00,0,366,0.00,0.00,1390888056.000,1390888065.000,9.000
1390888066,1334.31,30.00,32.46,2.18,0.01,0.00,0,366,0.00,0.00,1390888056.000,1390888065.000,9.000
1390888066,1334.31,30.00,32.46,2.18,0.01,0.00,0,366,0.00,0.00,1390888056.000,1390888066.000,10.000
1390888067,1334.31,30.00,32.46,2.18,0.01,0.00,0,366,0.00,0.00,1390888056.000,1390888066.000,10.000
1390888067,1334.31,30.00,32.46,2.18,0.01,0.00,0,366,0.00,0.00,1390888056.000,1390888067.000,11.000
1390888068,1334.31,30.00,32.46,2.18,0.01,0.00,0,366,0.00,0.00,1390888056.000,1390888067.000,11.000
1390888069,1334.31,30.00,32.46,2.18,0.01,0.00,0,366,0.00,0.00,1390888056.000,1390888068.000,12.000
1390888069,1334.31,30.00,32.46,2.18,0.01,0.00,0,366,0.00,0.00,1390888056.000,1390888069.000,13.000
1390888072,1334.31,30.00,32.46,2.18,0.01,0.00,0,366,0.00,0.00,1390888056.000,1390888069.000,13.000
1390888072,1334.31,30.00,32.46,2.18,0.01,0.00,0,366,0.00,0.00,1390888056.000,1390888072.000,16.000
1390888072,1334.31,30.00,32.46,2.18,0.01,0.00,0,366,0.00,0.00,1390888056.000,1390888072.000,16.000
1390888073,1334.31,30.00,32.46,2.18,0.01,0.00,0,366,0.00,0.00,1390888056.000,1390888073.000,17.000
1390888074,1334.31,30.00,32.46,2.18,0.01,0.00,0,366,0.00,0.00,1390888056.000,1390888073.000,17.000
1390888074,1334.31,30.00,32.46,2.18,0.01,0.00,0,366,0.00,0.00,1390888056.000,1390888074.000,18.000
1390888075,1334.31,30.00,32.46,2.18,0.01,0.00,0,366,0.00,0.00,1390888056.000,1390888074.000,18.000
1390888075,1334.31,30.00,32.46,2.18,0.01,0.00,0,366,0.00,0.00,1390888056.000,1390888075.000,19.000
1390888076,1334.31,30.00,32.46,2.18,0.01,0.00,0,366,0.00,0.00,1390888056.000,1390888075.000,19.000
1390888077,1334.31,30.00,32.46,2.18,0.01,0.00,0,366,0.00,0.00,1390888056.000,1390888076.000,20.000
1390888077,1334.31,30.00,32.46,2.18,0.01,0.00,0,366,0.00,0.00,1390888056.000,1390888077.000,21.000
1390888078,1334.31,30.00,32.46,2.18,0.01,0.00,0,366,0.00,0.00,1390888056.000,1390888078.000,22.000
1390888079,1334.31,30.00,32.46,2.18,0.01,0.00,0,366,0.00,0.00,1390888056.000,1390888078.000,22.000
1390888080,1334.31,30.00,32.46,2.18,0.01,0.00,0,366,0.00,0.00,1390888056.000,1390888079.000,23.000
1390888081,1334.31,30.00,32.46,2.18,0.01,0.00,0,366,0.00,0.00,1390888056.000,1390888080.000,24.000
1390888081,1334.31,30.00,32.46,2.18,0.01,0.00,0,366,0.00,0.00,1390888056.000,1390888081.000,25.000
1390888082,1334.31,30.00,32.46,2.18,0.01,0.00,0,366,0.00,0.00,1390888056.000,1390888081.000,25.000
1390888083,1334.31,30.00,32.46,2.18,0.01,0.00,0,366,0.00,0.00,1390888056.000,1390888082.000,26.000
1390888083,1334.31,30.00,32.46,2.18,0.01,0.00,0,366,0.00,0.00,1390888056.000,1390888083.000,27.000
1390888084,1334.31,30.00,32.46,2.18,0.01,0.00,0,366,0.00,0.00,1390888056.000,1390888083.000,27.000
1390888084,1334.31,30.00,32.46,2.18,0.01,0.00,0,366,0.00,0.00,1390888056.000,1390888084.000,28.000
1390888085,1334.31,30.00,32.46,2.18,0.01,0.00,0,366,0.00,0.00,1390888056.000,1390888084.000,28.000
1390888086,1334.31,30.00,32.46,2.18,0.01,0.00,0,366,0.00,0.00,1390888056.000,1390888085.000,29.000
1390888086,1334.31,30.00,32.46,2.18,0.01,0.00,0,366,0.00,0.00,1390888056.000,1390888086.000,30.000
1390888089,1334.31,30.00,32.46,2.18,0.01,0.00,0,366,0.00,0.00,1390888056.000,1390888086.000,30.000
1390888089,1334.31,30.00,32.46,2.18,0.02,0.00,0,366,0.00,0.00,1390888056.000,1390888089.000,33.000
1390888093,1334.31,30.00,32.87,2.26,0.02,0.00,0,367,0.00,0.00,1390888090.000,1390888089.000,33.000
1390888093,1334.31,30.00,32.87,2.26,0.01,0.00,0,367,0.00,0.00,1390888090.000,1390888093.000,3.000
1390888093,1334.31,30.00,32.87,2.26,0.01,0.00,0,367,0.00,0.00,1390888090.000,1390888093.000,3.000
1390888094,1334.31,30.00,32.87,2.26,0.01,0.00,0,367,0.00,0.00,1390888090.000,1390888093.000,3.000
1390888094,1334.31,30.00,32.87,2.26,0.01,0.00,0,367,0.00,0.00,1390888090.000,1390888094.000,4.000
1390888095,1334.31,30.00,32.87,2.26,0.01,0.00,0,367,0.00,0.00,1390888090.000,1390888094.000,4.000
1390888096,1334.31,30.00,32.87,2.26,0.01,0.00,0,367,0.00,0.00,1390888090.000,1390888095.000,5.000
1390888097,1334.31,30.00,32.87,2.26,0.01,0.00,0,367,0.00,0.00,1390888090.000,1390888096.000,6.000
1390888097,1334.31,30.00,32.87,2.26,0.01,0.00,0,367,0.00,0.00,1390888090.000,1390888097.000,7.000
1390888097,1334.31,30.00,32.87,2.26,0.01,0.00,0,367,0.00,0.00,1390888090.000,1390888097.000,7.000
1390888098,1334.31,30.00,32.87,2.26,0.01,0.00,0,367,0.00,0.00,1390888090.000,1390888097.000,7.000
1390888099,1334.31,30.00,32.87,2.26,0.01,0.00,0,367,0.00,0.00,1390888090.000,1390888098.000,8.000
1390888099,1334.31,30.00,32.87,2.26,0.01,0.00,0,367,0.00,0.00,1390888090.000,1390888099.000,9.000
1390888100,1334.31,30.00,32.87,2.26,0.01,0.00,0,367,0.00,0.00,1390888090.000,1390888099.000,9.000
1390888100,1334.31,30.00,32.87,2.26,0.01,0.00,0,367,0.00,0.00,1390888090.000,1390888100.000,10.000
1390888101,1334.31,30.00,32.87,2.26,0.01,0.00,0,367,0.00,0.00,1390888090.000,1390888100.000,10.000
1390888101,1334.31,30.00,32.87,2.26,0.01,0.00,0,367,0.00,0.00,1390888090.000,1390888101.000,11.000
1390888102,1334.31,30.00,32.87,2.26,0.01,0.00,0,367,0.00,0.00,1390888090.000,1390888101.000,11.000
1390888103,1334.31,30.00,32.87,2.26,0.01,0.00,0,367,0.00,0.00,1390888090.000,1390888102.000,12.000
1390888105,1334.31,30.00,32.87,2.26,0.01,0.00,0,367,0.00,0.00,1390888090.000,1390888103.000,13.000
1390888105,1334.31,30.00,32.87,2.26,0.01,0.00,0,367,0.00,0.00,1390888090.000,1390888105.000,15.000
1390888106,1334.31,30.00,32.87,2.26,0.01,0.00,0,367,0.00,0.00,1390888090.000,1390888105.000,15.000
1390888107,1334.31,30.00,32.87,2.26,0.01,0.00,0,367,0.00,0.00,1390888090.000,1390888106.000,16.000
1390888107,1334.31,30.00,32.87,2.26,0.01,0.00,0,367,0.00,0.00,1390888090.000,1390888107.000,17.000
1390888108,1334.31,30.00,32.87,2.26,0.01,0.00,0,367,0.00,0.00,1390888090.000,1390888107.000,17.000
1390888108,1334.31,30.00,32.87,2.26,0.01,0.00,0,367,0.00,0.00,1390888090.000,1390888108.000,18.000
1390888109,1334.31,30.00,32.87,2.26,0.01,0.00,0,367,0.00,0.00,1390888090.000,1390888108.000,18.000
1390888110,1334.31,30.00,32.87,2.26,0.01,0.00,0,367,0.00,0.00,1390888090.000,1390888109.000,19.000
1390888110,1334.31,30.00,32.87,2.26,0.01,0.00,0,367,0.00,0.00,1390888090.000,1390888110.000,20.000
1390888111,1334.31,30.00,32.87,2.26,0.01,0.00,0,367,0.00,0.00,1390888090.000,1390888110.000,20.000
1390888112,1334.31,30.00,32.87,2.26,0.01,0.00,0,367,0.00,0.00,1390888090.000,1390888111.000,21.000
1390888113,1334.31,30.00,32.87,2.26,0.01,0.00,0,367,0.00,0.00,1390888090.000,1390888112.000,22.000
1390888113,1334.31,30.00,32.87,2.26,0.01,0.00,0,367,0.00,0.00,1390888090.000,1390888113.000,23.000
1390888114,1334.31,30.00,32.87,2.26,0.01,0.00,0,367,0.00,0.00,1390888090.000,1390888113.000,23.000
1390888115,1334.31,30.00,32.87,2.26,0.01,0.00,0,367,0.00,0.00,1390888090.000,1390888114.000,24.000
1390888115,1334.31,30.00,32.87,2.26,0.01,0.00,0,367,0.00,0.00,1390888090.000,1390888115.000,25.000
1390888116,1334.31,30.00,32.87,2.26,0.01,0.00,0,367,0.00,0.00,1390888090.000,1390888115.000,25.000
1390888116,1334.31,30.00,32.87,2.26,0.01,0.00,0,367,0.00,0.00,1390888090.000,1390888116.000,26.000
1390888117,1334.31,30.00,32.87,2.26,0.01,0.00,0,367,0.00,0.00,1390888090.000,1390888116.000,26.000
1390888118,1334.31,30.00,32.87,2.26,0.01,0.00,0,367,0.00,0.00,1390888090.000,1390888117.000,27.000
1390888118,1334.31,30.00,32.87,2.26,0.01,0.00,0,367,0.00,0.00,1390888090.000,1390888118.000,28.000
1390888119,1334.31,30.00,32.87,2.26,0.01,0.00,0,367,0.00,0.00,1390888090.000,1390888118.000,28.000
1390888120,1334.31,30.00,32.87,2.26,0.01,0.00,0,367,0.00,0.00,1390888090.000,1390888119.000,29.000
1390888122,1334.31,30.00,32.07,2.26,0.02,0.00,0,367,0.00,0.00,1390888090.000,1390888120.000,30.000
1390888125,1334.31,30.00,32.07,2.34,0.02,0.00,0,368,0.00,0.00,1390888122.000,1390888122.000,32.000
1390888125,1334.31,30.00,32.07,2.34,0.01,0.00,0,368,0.00,0.00,1390888122.000,1390888125.000,3.000
1390888126,1334.31,30.00,32.07,2.34,0.01,0.00,0,368,0.00,0.00,1390888122.000,1390888125.000,3.000
1390888127,1334.31,30.00,32.07,2.34,0.01,0.00,0,368,0.00,0.00,1390888122.000,1390888126.000,4.000
1390888127,1334.31,30.00,32.07,2.34,0.01,0.00,0,368,0.00,0.00,1390888122.000,1390888127.000,5.000
1390888128,1334.31,30.00,32.07,2.34,0.01,0.00,0,368,0.00,0.00,1390888122.000,1390888127.000,5.000
1390888128,1334.31,30.00,32.07,2.34,0.01,0.00,0,368,0.00,0.00,1390888122.000,1390888128.000,6.000
1390888129,1334.31,30.00,32.07,2.34,0.01,0.00,0,368,0.00,0.00,1390888122.000,1390888128.000,6.000
1390888129,1334.31,30.00,32.07,2.34,0.01,0.00,0,368,0.00,0.00,1390888122.000,1390888129.000,7.000
1390888130,1334.31,30.00,32.07,2.34,0.01,0.00,0,368,0.00,0.00,1390888122.000,1390888130.000,8.000
1390888131,1334.31,30.00,32.07,2.34,0.01,0.00,0,368,0.00,0.00,1390888122.000,1390888130.000,8.000
1390888131,1334.31,30.00,32.07,2.34,0.01,0.00,0,368,0.00,0.00,1390888122.000,1390888131.000,9.000
1390888132,1334.31,30.00,32.07,2.34,0.01,0.00,0,368,0.00,0.00,1390888122.000,1390888131.000,9.000
1390888132,1334.31,30.00,32.07,2.34,0.01,0.00,0,368,0.00,0.00,1390888122.000,1390888132.000,10.000
1390888133,1334.31,30.00,32.07,2.34,0.01,0.00,0,368,0.00,0.00,1390888122.000,1390888132.000,10.000
1390888133,1334.31,30.00,32.07,2.34,0.01,0.00,0,368,0.00,0.00,1390888122.000,1390888133.000,11.000
1390888134,1334.31,30.00,32.07,2.34,0.01,0.00,0,368,0.00,0.00,1390888122.000,1390888134.000,12.000
1390888135,1334.31,30.00,32.07,2.34,0.01,0.00,0,368,0.00,0.00,1390888122.000,1390888134.000,12.000
1390888135,1334.31,30.00,32.07,2.34,0.01,0.00,0,368,0.00,0.00,1390888122.000,1390888135.000,13.000
1390888136,1334.31,30.00,32.07,2.34,0.01,0.00,0,368,0.00,0.00,1390888122.000,1390888135.000,13.000
1390888136,1334.31,30.00,32.07,2.34,0.01,0.00,0,368,0.00,0.00,1390888122.000,1390888136.000,14.000
1390888139,1334.31,30.00,32.07,2.34,0.01,0.00,0,368,0.00,0.00,1390888122.000,1390888136.000,14.000
1390888139,1334.31,30.00,32.07,2.34,0.01,0.00,0,368,0.00,0.00,1390888122.000,1390888139.000,17.000
1390888140,1334.31,30.00,32.07,2.34,0.01,0.00,0,368,0.00,0.00,1390888122.000,1390888139.000,17.000
1390888140,1334.31,30.00,32.07,2.34,0.01,0.00,0,368,0.00,0.00,1390888122.000,1390888140.000,18.000
1390888141,1334.31,30.00,32.07,2.34,0.01,0.00,0,368,0.00,0.00,1390888122.000,1390888140.000,18.000
1390888141,1334.31,30.00,32.07,2.34,0.01,0.00,0,368,0.00,0.00,1390888122.000,1390888141.000,19.000
1390888142,1334.31,30.00,32.07,2.34,0.01,0.00,0,368,0.00,0.00,1390888122.000,1390888141.000,19.000
1390888143,1334.31,30.00,32.07,2.34,0.01,0.00,0,368,0.00,0.00,1390888122.000,1390888142.000,20.000
1390888143,1334.31,30.00,32.07,2.34,0.01,0.00,0,368,0.00,0.00,1390888122.000,1390888143.000,21.000
1390888144,1334.31,30.00,32.07,2.34,0.01,0.00,0,368,0.00,0.00,1390888122.000,1390888143.000,21.000
1390888145,1334.31,30.00,32.07,2.34,0.01,0.00,0,368,0.00,0.00,1390888122.000,1390888144.000,22.000
1390888145,1334.31,30.00,32.07,2.34,0.01,0.00,0,368,0.00,0.00,1390888122.000,1390888145.000,23.000
1390888146,1334.31,30.00,32.07,2.34,0.01,0.00,0,368,0.00,0.00,1390888122.000,1390888145.000,23.000
1390888147,1334.31,30.00,32.07,2.34,0.01,0.00,0,368,0.00,0.00,1390888122.000,1390888146.000,24.000
1390888147,1334.31,30.00,32.07,2.34,0.01,0.00,0,368,0.00,0.00,1390888122.000,1390888147.000,25.000
1390888148,1334.31,30.00,32.07,2.34,0.01,0.00,0,368,0.00,0.00,1390888122.000,1390888147.000,25.000
1390888149,1334.31,30.00,32.07,2.34,0.01,0.00,0,368,0.00,0.00,1390888122.000,1390888148.000,26.000
1390888149,1334.31,30.00,32.07,2.34,0.01,0.00,0,368,0.00,0.00,1390888122.000,1390888149.000,27.000
1390888150,1334.31,30.00,32.07,2.34,0.01,0.00,0,368,0.00,0.00,1390888122.000,1390888149.000,27.000
1390888150,1334.31,30.00,32.07,2.34,0.01,0.00,0,368,0.00,0.00,1390888122.000,1390888150.000,28.000
1390888151,1334.31,30.00,32.07,2.34,0.01,0.00,0,368,0.00,0.00,1390888122.000,1390888151.000,29.000
1390888152,1334.31,30.00,32.07,2.34,0.01,0.00,0,368,0.00,0.00,1390888122.000,1390888151.000,29.000
1390888152,1334.31,30.00,32.07,2.34,0.01,0.00,0,368,0.00,0.00,1390888122.000,1390888152.000,30.000
1390888153,1334.31,30.00,32.07,2.34,0.01,0.00,0,368,0.00,0.00,1390888122.000,1390888152.000,30.000
1390888156,1334.31,30.00,33.05,2.34,0.02,0.00,0,368,0.00,0.00,1390888122.000,1390888153.000,31.000
1390888159,1334.31,30.00,33.05,2.07,0.02,0.00,0,369,0.00,0.00,1390888156.000,1390888156.000,34.000
1390888159,1334.31,30.00,33.05,2.07,0.01,0.00,0,369,0.00,0.00,1390888156.000,1390888159.000,3.000
1390888159,1334.31,30.00,33.05,2.07,0.01,0.00,0,369,0.00,0.00,1390888156.000,1390888159.000,3.000
1390888160,1334.31,30.00,33.05,2.07,0.01,0.00,0,369,0.00,0.00,1390888156.000,1390888159.000,3.000
1390888161,1334.31,30.00,33.05,2.07,0.01,0.00,0,369,0.00,0.00,1390888156.000,1390888160.000,4.000
1390888161,1334.31,30.00,33.05,2.07,0.01,0.00,0,369,0.00,0.00,1390888156.000,1390888161.000,5.000
1390888162,1334.31,30.00,33.05,2.07,0.01,0.00,0,369,0.00,0.00,1390888156.000,1390888161.000,5.000
1390888162,1334.31,30.00,33.05,2.07,0.01,0.00,0,369,0.00,0.00,1390888156.000,1390888162.000,6.000
1390888163,1334.31,30.00,33.05,2.07,0.01,0.00,0,369,0.00,0.00,1390888156.000,1390888162.000,6.000
1390888163,1334.31,30.00,33.05,2.07,0.01,0.00,0,369,0.00,0.00,1390888156.000,1390888163.000,7.000
1390888164,1334.31,30.00,33.05,2.07,0.01,0.00,0,369,0.00,0.00,1390888156.000,1390888163.000,7.000
1390888165,1334.31,30.00,33.05,2.07,0.01,0.00,0,369,0.00,0.00,1390888156.000,1390888164.000,8.000
1390888165,1334.31,30.00,33.05,2.07,0.01,0.00,0,369,0.00,0.00,1390888156.000,1390888165.000,9.000
1390888166,1334.31,30.00,33.05,2.07,0.01,0.00,0,369,0.00,0.00,1390888156.000,1390888165.000,9.000
1390888166,1334.31,30.00,33.05,2.07,0.01,0.00,0,369,0.00,0.00,1390888156.000,1390888166.000,10.000
1390888167,1334.31,30.00,33.05,2.07,0.01,0.00,0,369,0.00,0.00,1390888156.000,1390888166.000,10.000
1390888168,1334.31,30.00,33.05,2.07,0.01,0.00,0,369,0.00,0.00,1390888156.000,1390888167.000,11.000
1390888168,1334.31,30.00,33.05,2.07,0.01,0.00,0,369,0.00,0.00,1390888156.000,1390888168.000,12.000
1390888169,1334.31,30.00,33.05,2.07,0.01,0.00,0,369,0.00,0.00,1390888156.000,1390888168.000,12.000
1390888169,1334.31,30.00,33.05,2.07,0.01,0.00,0,369,0.00,0.00,1390888156.000,1390888169.000,13.000
1390888172,1334.31,30.00,33.05,2.07,0.01,0.00,0,369,0.00,0.00,1390888156.000,1390888169.000,13.000
1390888172,1334.31,30.00,33.05,2.07,0.01,0.00,0,369,0.00,0.00,1390888156.000,1390888172.000,16.000
1390888173,1334.31,30.00,33.05,2.07,0.01,0.00,0,369,0.00,0.00,1390888156.000,1390888172.000,16.000
1390888173,1334.31,30.00,33.05,2.07,0.01,0.00,0,369,0.00,0.00,1390888156.000,1390888173.000,17.000
1390888174,1334.31,30.00,33.05,2.07,0.01,0.00,0,369,0.00,0.00,1390888156.000,1390888173.000,17.000
1390888174,1334.31,30.00,33.05,2.07,0.01,0.00,0,369,0.00,0.00,1390888156.000,1390888174.000,18.000
1390888175,1334.31,30.00,33.05,2.07,0.01,0.00,0,369,0.00,0.00,1390888156.000,1390888174.000,18.000
1390888175,1334.31,30.00,33.05,2.07,0.01,0.00,0,369,0.00,0.00,1390888156.000,1390888175.000,19.000
1390888176,1334.31,30.00,33.05,2.07,0.01,0.00,0,369,0.00,0.00,1390888156.000,1390888175.000,19.000
1390888177,1334.31,30.00,33.05,2.07,0.01,0.00,0,369,0.00,0.00,1390888156.000,1390888176.000,20.000
1390888178,1334.31,30.00,33.05,2.07,0.01,0.00,0,369,0.00,0.00,1390888156.000,1390888177.000,21.000
1390888178,1334.31,30.00,33.05,2.07,0.01,0.00,0,369,0.00,0.00,1390888156.000,1390888178.000,22.000
1390888179,1334.31,30.00,33.05,2.07,0.01,0.00,0,369,0.00,0.00,1390888156.000,1390888178.000,22.000
1390888180,1334.31,30.00,33.05,2.07,0.01,0.00,0,369,0.00,0.00,1390888156.000,1390888179.000,23.000
1390888180,1334.31,30.00,33.05,2.07,0.01,0.00,0,369,0.00,0.00,1390888156.000,1390888180.000,24.000
1390888181,1334.31,30.00,33.05,2.07,0.01,0.00,0,369,0.00,0.00,1390888156.000,1390888180.000,24.000
1390888182,1334.31,30.00,33.05,2.07,0.01,0.00,0,369,0.00,0.00,1390888156.000,1390888181.000,25.000
1390888182,1334.31,30.00,33.05,2.07,0.01,0.00,0,369,0.00,0.00,1390888156.000,1390888182.000,26.000
1390888183,1334.31,30.00,33.05,2.07,0.01,0.00,0,369,0.00,0.00,1390888156.000,1390888182.000,26.000
1390888184,1334.31,30.00,33.05,2.07,0.01,0.00,0,369,0.00,0.00,1390888156.000,1390888183.000,27.000
1390888184,1334.31,30.00,33.05,2.07,0.01,0.00,0,369,0.00,0.00,1390888156.000,1390888184.000,28.000
1390888185,1334.31,30.00,33.05,2.07,0.01,0.00,0,369,0.00,0.00,1390888156.000,1390888184.000,28.000
1390888186,1334.31,30.00,33.05,2.07,0.01,0.00,0,369,0.00,0.00,1390888156.000,1390888185.000,29.000
1390888186,1334.31,30.00,33.05,2.07,0.01,0.00,0,369,0.00,0.00,1390888156.000,1390888186.000,30.000
1390888189,1334.31,30.00,33.05,2.07,0.01,0.00,0,369,0.00,0.00,1390888156.000,1390888186.000,30.000
1390888189,1334.31,30.00,33.05,2.07,0.01,0.00,0,369,0.00,0.00,1390888156.000,1390888189.000,33.000
1390888190,1334.31,30.00,33.22,2.07,0.02,0.00,0,369,0.00,0.00,1390888156.000,1390888189.000,33.000
1390888193,1334.31,30.00,33.22,2.52,0.02,0.00,0,370,0.00,0.00,1390888190.000,1390888190.000,34.000
1390888193,1334.31,30.00,33.22,2.52,0.01,0.00,0,370,0.00,0.00,1390888190.000,1390888193.000,3.000
1390888193,1334.31,30.00,33.22,2.52,0.01,0.00,0,370,0.00,0.00,1390888190.000,1390888193.000,3.000
1390888195,1334.31,30.00,33.22,2.52,0.01,0.00,0,370,0.00,0.00,1390888190.000,1390888193.000,3.000
1390888195,1334.31,30.00,33.22,2.52,0.01,0.00,0,370,0.00,0.00,1390888190.000,1390888195.000,5.000
1390888195,1334.31,30.00,33.22,2.52,0.01,0.00,0,370,0.00,0.00,1390888190.000,1390888195.000,5.000
1390888196,1334.31,30.00,33.22,2.52,0.01,0.00,0,370,0.00,0.00,1390888190.000,1390888195.000,5.000
1390888197,1334.31,30.00,33.22,2.52,0.01,0.00,0,370,0.00,0.00,1390888190.000,1390888196.000,6.000
1390888197,1334.31,30.00,33.22,2.52,0.01,0.00,0,370,0.00,0.00,1390888190.000,1390888197.000,7.000
1390888198,1334.31,30.00,33.22,2.52,0.01,0.00,0,370,0.00,0.00,1390888190.000,1390888197.000,7.000
1390888198,1334.31,30.00,33.22,2.52,0.01,0.00,0,370,0.00,0.00,1390888190.000,1390888198.000,8.000
1390888199,1334.31,30.00,33.22,2.52,0.01,0.00,0,370,0.00,0.00,1390888190.000,1390888198.000,8.000
1390888200,1334.31,30.00,33.22,2.52,0.01,0.00,0,370,0.00,0.00,1390888190.000,1390888199.000,9.000
1390888200,1334.31,30.00,33.22,2.52,0.01,0.00,0,370,0.00,0.00,1390888190.000,1390888200.000,10.000
1390888201,1334.31,30.00,33.22,2.52,0.01,0.00,0,370,0.00,0.00,1390888190.000,1390888200.000,10.000
1390888201,1334.31,30.00,33.22,2.52,0.01,0.00,0,370,0.00,0.00,1390888190.000,1390888201.000,11.000
1390888202,1334.31,30.00,33.22,2.52,0.01,0.00,0,370,0.00,0.00,1390888190.000,1390888201.000,11.000
1390888202,1334.31,30.00,33.22,2.52,0.01,0.00,0,370,0.00,0.00,1390888190.000,1390888202.000,12.000
1390888203,1334.31,30.00,33.22,2.52,0.01,0.00,0,370,0.00,0.00,1390888190.000,1390888202.000,12.000
1390888205,1334.31,30.00,33.22,2.52,0.01,0.00,0,370,0.00,0.00,1390888190.000,1390888203.000,13.000
1390888205,1334.31,30.00,33.22,2.52,0.01,0.00,0,370,0.00,0.00,1390888190.000,1390888205.000,15.000
1390888206,1334.31,30.00,33.22,2.52,0.01,0.00,0,370,0.00,0.00,1390888190.000,1390888205.000,15.000
1390888207,1334.31,30.00,33.22,2.52,0.01,0.00,0,370,0.00,0.00,1390888190.000,1390888206.000,16.000
1390888207,1334.31,30.00,33.22,2.52,0.01,0.00,0,370,0.00,0.00,1390888190.000,1390888207.000,17.000
1390888208,1334.31,30.00,33.22,2.52,0.01,0.00,0,370,0.00,0.00,1390888190.000,1390888207.000,17.000
1390888208,1334.31,30.00,33.22,2.52,0.01,0.00,0,370,0.00,0.00,1390888190.000,1390888208.000,18.000
1390888209,1334.31,30.00,33.22,2.52,0.01,0.00,0,370,0.00,0.00,1390888190.000,1390888208.000,18.000
1390888210,1334.31,30.00,33.22,2.52,0.01,0.00,0,370,0.00,0.00,1390888190.000,1390888209.000,19.000
1390888210,1334.31,30.00,33.22,2.52,0.01,0.00,0,370,0.00,0.00,1390888190.000,1390888210.000,20.000
1390888211,1334.31,30.00,33.22,2.52,0.01,0.00,0,370,0.00,0.00,1390888190.000,1390888210.000,20.000
1390888212,1334.31,30.00,33.22,2.52,0.01,0.00,0,370,0.00,0.00,1390888190.000,1390888211.000,21.000
1390888213,1334.31,30.00,33.22,2.52,0.01,0.00,0,370,0.00,0.00,1390888190.000,1390888212.000,22.000
1390888213,1334.31,30.00,33.22,2.52,0.01,0.00,0,370,0.00,0.00,1390888190.000,1390888213.000,23.000
1390888214,1334.31,30.00,33.22,2.52,0.01,0.00,0,370,0.00,0.00,1390888190.000,1390888213.000,23.000
1390888215,1334.31,30.00,33.22,2.52,0.01,0.00,0,370,0.00,0.00,1390888190.000,1390888214.000,24.000
1390888215,1334.31,30.00,33.22,2.52,0.01,0.00,0,370,0.00,0.00,1390888190.000,1390888215.000,25.000
1390888216,1334.31,30.00,33.22,2.52,0.01,0.00,0,370,0.00,0.00,1390888190.000,1390888215.000,25.000
1390888216,1334.31,30.00,33.22,2.52,0.01,0.00,0,370,0.00,0.00,1390888190.000,1390888216.000,26.000
1390888217,1334.31,30.00,33.22,2.52,0.01,0.00,0,370,0.00,0.00,1390888190.000,1390888216.000,26.000
1390888218,1334.31,30.00,33.22,2.52,0.01,0.00,0,370,0.00,0.00,1390888190.000,1390888217.000,27.000
1390888218,1334.31,30.00,33.22,2.52,0.01,0.00,0,370,0.00,0.00,1390888190.000,1390888218.000,28.000
1390888219,1334.31,30.00,33.22,2.52,0.01,0.00,0,370,0.00,0.00,1390888190.000,1390888218.000,28.000
1390888220,1334.31,30.00,33.22,2.52,0.01,0.00,0,370,0.00,0.00,1390888190.000,1390888219.000,29.000
1390888222,1334.31,30.00,33.22,2.52,0.02,0.00,0,370,0.00,0.00,1390888190.000,1390888220.000,30.000
1390888222,1334.31,30.00,33.22,2.52,0.01,0.00,0,370,0.00,0.00,1390888190.000,1390888222.000,32.000
1390888223,1334.31,30.00,32.49,2.52,0.02,0.00,0,370,0.00,0.00,1390888190.000,1390888222.000,32.000
1390888226,1334.31,30.00,32.49,2.31,0.02,0.00,0,371,0.00,0.00,1390888223.000,1390888223.000,33.000
1390888227,1334.31,30.00,32.49,2.31,0.01,0.00,0,371,0.00,0.00,1390888223.000,1390888226.000,3.000
1390888227,1334.31,30.00,32.49,2.31,0.01,0.00,0,371,0.00,0.00,1390888223.000,1390888227.000,4.000
1390888228,1334.31,30.00,32.49,2.31,0.01,0.00,0,371,0.00,0.00,1390888223.000,1390888227.000,4.000
1390888228,1334.31,30.00,32.49,2.31,0.01,0.00,0,371,0.00,0.00,1390888223.000,1390888228.000,5.000
1390888229,1334.31,30.00,32.49,2.31,0.01,0.00,0,371,0.00,0.00,1390888223.000,1390888228.000,5.000
1390888229,1334.31,30.00,32.49,2.31,0.01,0.00,0,371,0.00,0.00,1390888223.000,1390888229.000,6.000
1390888230,1334.31,30.00,32.49,2.31,0.01,0.00,0,371,0.00,0.00,1390888223.000,1390888229.000,6.000
1390888230,1334.31,30.00,32.49,2.31,0.01,0.00,0,371,0.00,0.00,1390888223.000,1390888230.000,7.000
1390888231,1334.31,30.00,32.49,2.31,0.01,0.00,0,371,0.00,0.00,1390888223.000,1390888231.000,8.000
1390888232,1334.31,30.00,32.49,2.31,0.01,0.00,0,371,0.00,0.00,1390888223.000,1390888231.000,8.000
1390888232,1334.31,30.00,32.49,2.31,0.01,0.00,0,371,0.00,0.00,1390888223.000,1390888232.000,9.000
1390888233,1334.31,30.00,32.49,2.31,0.01,0.00,0,371,0.00,0.00,1390888223.000,1390888232.000,9.000
1390888233,1334.31,30.00,32.49,2.31,0.01,0.00,0,371,0.00,0.00,1390888223.000,1390888233.000,10.000
1390888234,1334.31,30.00,32.49,2.31,0.01,0.00,0,371,0.00,0.00,1390888223.000,1390888233.000,10.000
1390888235,1334.31,30.00,32.49,2.31,0.01,0.00,0,371,0.00,0.00,1390888223.000,1390888234.000,11.000
1390888235,1334.31,30.00,32.49,2.31,0.01,0.00,0,371,0.00,0.00,1390888223.000,1390888235.000,12.000
1390888236,1334.31,30.00,32.49,2.31,0.01,0.00,0,371,0.00,0.00,1390888223.000,1390888235.000,12.000
1390888236,1334.31,30.00,32.49,2.31,0.01,0.00,0,371,0.00,0.00,1390888223.000,1390888236.000,13.000
1390888239,1334.31,30.00,32.49,2.31,0.01,0.00,0,371,0.00,0.00,1390888223.000,1390888236.000,13.000
1390888239,1334.31,30.00,32.49,2.31,0.01,0.00,0,371,0.00,0.00,1390888223.000,1390888239.000,16.000
1390888239,1334.31,30.00,32.49,2.31,0.01,0.00,0,371,0.00,0.00,1390888223.000,1390888239.000,16.000
1390888240,1334.31,30.00,32.49,2.31,0.01,0.00,0,371,0.00,0.00,1390888223.000,1390888239.000,16.000
1390888241,1334.31,30.00,32.49,2.31,0.01,0.00,0,371,0.00,0.00,1390888223.000,1390888240.000,17.000
1390888241,1334.31,30.00,32.49,2.31,0.01,0.00,0,371,0.00,0.00,1390888223.000,1390888241.000,18.000
1390888242,1334.31,30.00,32.49,2.31,0.01,0.00,0,371,0.00,0.00,1390888223.000,1390888241.000,18.000
1390888242,1334.31,30.00,32.49,2.31,0.01,0.00,0,371,0.00,0.00,1390888223.000,1390888242.000,19.000
1390888243,1334.31,30.00,32.49,2.31,0.01,0.00,0,371,0.00,0.00,1390888223.000,1390888243.000,20.000
1390888244,1334.31,30.00,32.49,2.31,0.01,0.00,0,371,0.00,0.00,1390888223.000,1390888243.000,20.000
1390888245,1334.31,30.00,32.49,2.31,0.01,0.00,0,371,0.00,0.00,1390888223.000,1390888244.000,21.000
1390888245,1334.31,30.00,32.49,2.31,0.01,0.00,0,371,0.00,0.00,1390888223.000,1390888245.000,22.000
1390888246,1334.31,30.00,32.49,2.31,0.01,0.00,0,371,0.00,0.00,1390888223.000,1390888245.000,22.000
1390888247,1334.31,30.00,32.49,2.31,0.01,0.00,0,371,0.00,0.00,1390888223.000,1390888246.000,23.000
1390888247,1334.31,30.00,32.49,2.31,0.01,0.00,0,371,0.00,0.00,1390888223.000,1390888247.000,24.000
1390888248,1334.31,30.00,32.49,2.31,0.01,0.00,0,371,0.00,0.00,1390888223.000,1390888247.000,24.000
1390888249,1334.31,30.00,32.49,2.31,0.01,0.00,0,371,0.00,0.00,1390888223.000,1390888248.000,25.000
1390888249,1334.31,30.00,32.49,2.31,0.01,0.00,0,371,0.00,0.00,1390888223.000,1390888249.000,26.000
1390888250,1334.31,30.00,32.49,2.31,0.01,0.00,0,371,0.00,0.00,1390888223.000,1390888249.000,26.000
1390888250,1334.31,30.00,32.49,2.31,0.01,0.00,0,371,0.00,0.00,1390888223.000,1390888250.000,27.000
1390888251,1334.31,30.00,32.49,2.31,0.01,0.00,0,371,0.00,0.00,1390888223.000,1390888250.000,27.000
1390888252,1334.31,30.00,32.49,2.31,0.01,0.00,0,371,0.00,0.00,1390888223.000,1390888251.000,28.000
1390888252,1334.31,30.00,32.49,2.31,0.01,0.00,0,371,0.00,0.00,1390888223.000,1390888252.000,29.000
1390888253,1334.31,30.00,32.49,2.31,0.01,0.00,0,371,0.00,0.00,1390888223.000,1390888252.000,29.000
1390888255,1334.31,30.00,32.49,2.31,0.01,0.00,0,371,0.00,0.00,1390888223.000,1390888253.000,30.000
1390888256,1334.31,30.00,31.99,2.31,0.02,0.00,0,371,0.00,0.00,1390888223.000,1390888255.000,32.000
1390888259,1334.31,30.00,31.99,2.37,0.02,0.00,0,372,0.00,0.00,1390888256.000,1390888256.000,33.000
1390888259,1334.31,30.00,31.99,2.37,0.01,0.00,0,372,0.00,0.00,1390888256.000,1390888259.000,3.000
1390888259,1334.31,30.00,31.99,2.37,0.01,0.00,0,372,0.00,0.00,1390888256.000,1390888259.000,3.000
1390888261,1334.31,30.00,31.99,2.37,0.01,0.00,0,372,0.00,0.00,1390888256.000,1390888259.000,3.000
1390888261,1334.31,30.00,31.99,2.37,0.01,0.00,0,372,0.00,0.00,1390888256.000,1390888261.000,5.000
1390888262,1334.31,30.00,31.99,2.37,0.01,0.00,0,372,0.00,0.00,1390888256.000,1390888261.000,5.000
1390888262,1334.31,30.00,31.99,2.37,0.01,0.00,0,372,0.00,0.00,1390888256.000,1390888262.000,6.000
1390888263,1334.31,30.00,31.99,2.37,0.01,0.00,0,372,0.00,0.00,1390888256.000,1390888262.000,6.000
1390888263,1334.31,30.00,31.99,2.37,0.01,0.00,0,372,0.00,0.00,1390888256.000,1390888263.000,7.000
1390888264,1334.31,30.00,31.99,2.37,0.01,0.00,0,372,0.00,0.00,1390888256.000,1390888263.000,7.000
1390888264,1334.31,30.00,31.99,2.37,0.01,0.00,0,372,0.00,0.00,1390888256.000,1390888264.000,8.000
1390888265,1334.31,30.00,31.99,2.37,0.01,0.00,0,372,0.00,0.00,1390888256.000,1390888264.000,8.000
1390888266,1334.31,30.00,31.99,2.37,0.01,0.00,0,372,0.00,0.00,1390888256.000,1390888265.000,9.000
1390888266,1334.31,30.00,31.99,2.37,0.01,0.00,0,372,0.00,0.00,1390888256.000,1390888266.000,10.000
1390888267,1334.31,30.00,31.99,2.37,0.01,0.00,0,372,0.00,0.00,1390888256.000,1390888266.000,10.000
1390888267,1334.31,30.00,31.99,2.37,0.01,0.00,0,372,0.00,0.00,1390888256.000,1390888267.000,11.000
1390888268,1334.31,30.00,31.99,2.37,0.01,0.00,0,372,0.00,0.00,1390888256.000,1390888267.000,11.000
1390888269,1334.31,30.00,31.99,2.37,0.01,0.00,0,372,0.00,0.00,1390888256.000,1390888268.000,12.000
1390888269,1334.31,30.00,31.99,2.37,0.01,0.00,0,372,0.00,0.00,1390888256.000,1390888269.000,13.000
1390888270,1334.31,30.00,31.99,2.37,0.01,0.00,0,372,0.00,0.00,1390888256.000,1390888269.000,13.000
1390888272,1334.31,30.00,31.99,2.37,0.01,0.00,0,372,0.00,0.00,1390888256.000,1390888270.000,14.000
1390888272,1334.31,30.00,31.99,2.37,0.01,0.00,0,372,0.00,0.00,1390888256.000,1390888272.000,16.000
1390888273,1334.31,30.00,31.99,2.37,0.01,0.00,0,372,0.00,0.00,1390888256.000,1390888272.000,16.000
1390888273,1334.31,30.00,31.99,2.37,0.01,0.00,0,372,0.00,0.00,1390888256.000,1390888273.000,17.000
1390888274,1334.31,30.00,31.99,2.37,0.01,0.00,0,372,0.00,0.00,1390888256.000,1390888273.000,17.000
1390888274,1334.31,30.00,31.99,2.37,0.01,0.00,0,372,0.00,0.00,1390888256.000,1390888274.000,18.000
1390888275,1334.31,30.00,31.99,2.37,0.01,0.00,0,372,0.00,0.00,1390888256.000,1390888275.000,19.000
1390888276,1334.31,30.00,31.99,2.37,0.01,0.00,0,372,0.00,0.00,1390888256.000,1390888275.000,19.000
1390888276,1334.31,30.00,31.99,2.37,0.01,0.00,0,372,0.00,0.00,1390888256.000,1390888276.000,20.000
1390888277,1334.31,30.00,31.99,2.37,0.01,0.00,0,372,0.00,0.00,1390888256.000,1390888276.000,20.000
1390888278,1334.31,30.00,31.99,2.37,0.01,0.00,0,372,0.00,0.00,1390888256.000,1390888277.000,21.000
1390888279,1334.31,30.00,31.99,2.37,0.01,0.00,0,372,0.00,0.00,1390888256.000,1390888278.000,22.000
1390888279,1334.31,30.00,31.99,2.37,0.01,0.00,0,372,0.00,0.00,1390888256.000,1390888279.000,23.000
1390888280,1334.31,30.00,31.99,2.37,0.01,0.00,0,372,0.00,0.00,1390888256.000,1390888279.000,23.000
1390888281,1334.31,30.00,31.99,2.37,0.01,0.00,0,372,0.00,0.00,1390888256.000,1390888280.000,24.000
1390888281,1334.31,30.00,31.99,2.37,0.01,0.00,0,372,0.00,0.00,1390888256.000,1390888281.000,25.000
1390888282,1334.31,30.00,31.99,2.37,0.01,0.00,0,372,0.00,0.00,1390888256.000,1390888281.000,25.000
1390888283,1334.31,30.00,31.99,2.37,0.01,0.00,0,372,0.00,0.00,1390888256.000,1390888282.000,26.000
1390888283,1334.31,30.00,31.99,2.37,0.01,0.00,0,372,0.00,0.00,1390888256.000,1390888283.000,27.000
1390888284,1334.31,30.00,31.99,2.37,0.01,0.00,0,372,0.00,0.00,1390888256.000,1390888283.000,27.000
1390888284,1334.31,30.00,31.99,2.37,0.01,0.00,0,372,0.00,0.00,1390888256.000,1390888284.000,28.000
1390888285,1334.31,30.00,31.99,2.37,0.01,0.00,0,372,0.00,0.00,1390888256.000,1390888284.000,28.000
1390888286,1334.31,30.00,31.99,2.37,0.01,0.00,0,372,0.00,0.00,1390888256.000,1390888285.000,29.000
1390888286,1334.31,30.00,31.99,2.37,0.01,0.00,0,372,0.00,0.00,1390888256.000,1390888286.000,30.000
1390888289,1334.31,30.00,32.81,2.37,0.01,0.00,0,372,0.00,0.00,1390888256.000,1390888286.000,30.000
1390888289,1334.31,30.00,32.81,2.37,0.02,0.00,0,372,0.00,0.00,1390888256.000,1390888289.000,33.000
1390888293,1334.31,30.00,32.81,2.07,0.01,0.00,0,373,0.00,0.00,1390888289.000,1390888289.000,33.000
1390888293,1334.31,30.00,32.81,2.07,0.01,0.00,0,373,0.00,0.00,1390888289.000,1390888293.000,4.000
1390888293,1334.31,30.00,32.81,2.07,0.01,0.00,0,373,0.00,0.00,1390888289.000,1390888293.000,4.000
1390888294,1334.31,30.00,32.81,2.07,0.01,0.00,0,373,0.00,0.00,1390888289.000,1390888293.000,4.000
1390888294,1334.31,30.00,32.81,2.07,0.01,0.00,0,373,0.00,0.00,1390888289.000,1390888294.000,5.000
1390888295,1334.31,30.00,32.81,2.07,0.01,0.00,0,373,0.00,0.00,1390888289.000,1390888294.000,5.000
1390888296,1334.31,30.00,32.81,2.07,0.01,0.00,0,373,0.00,0.00,1390888289.000,1390888295.000,6.000
1390888296,1334.31,30.00,32.81,2.07,0.01,0.00,0,373,0.00,0.00,1390888289.000,1390888296.000,7.000
1390888297,1334.31,30.00,32.81,2.07,0.01,0.00,0,373,0.00,0.00,1390888289.000,1390888296.000,7.000
1390888297,1334.31,30.00,32.81,2.07,0.01,0.00,0,373,0.00,0.00,1390888289.000,1390888297.000,8.000
1390888298,1334.31,30.00,32.81,2.07,0.01,0.00,0,373,0.00,0.00,1390888289.000,1390888297.000,8.000
1390888298,1334.31,30.00,32.81,2.07,0.01,0.00,0,373,0.00,0.00,1390888289.000,1390888298.000,9.000
1390888299,1334.31,30.00,32.81,2.07,0.01,0.00,0,373,0.00,0.00,1390888289.000,1390888298.000,9.000
1390888300,1334.31,30.00,32.81,2.07,0.01,0.00,0,373,0.00,0.00,1390888289.000,1390888299.000,10.000
1390888300,1334.31,30.00,32.81,2.07,0.01,0.00,0,373,0.00,0.00,1390888289.000,1390888300.000,11.000
1390888301,1334.31,30.00,32.81,2.07,0.01,0.00,0,373,0.00,0.00,1390888289.000,1390888300.000,11.000
1390888301,1334.31,30.00,32.81,2.07,0.01,0.00,0,373,0.00,0.00,1390888289.000,1390888301.000,12.000
1390888302,1334.31,30.00,32.81,2.07,0.01,0.00,0,373,0.00,0.00,1390888289.000,1390888301.000,12.000
1390888302,1334.31,30.00,32.81,2.07,0.01,0.00,0,373,0.00,0.00,1390888289.000,1390888302.000,13.000
1390888303,1334.31,30.00,32.81,2.07,0.01,0.00,0,373,0.00,0.00,1390888289.000,1390888303.000,14.000
1390888305,1334.31,30.00,32.81,2.07,0.01,0.00,0,373,0.00,0.00,1390888289.000,1390888303.000,14.000
1390888306,1334.31,30.00,32.81,2.07,0.01,0.00,0,373,0.00,0.00,1390888289.000,1390888306.000,17.000
1390888306,1334.31,30.00,32.81,2.07,0.01,0.00,0,373,0.00,0.00,1390888289.000,1390888306.000,17.000
1390888307,1334.31,30.00,32.81,2.07,0.01,0.00,0,373,0.00,0.00,1390888289.000,1390888306.000,17.000
1390888307,1334.31,30.00,32.81,2.07,0.01,0.00,0,373,0.00,0.00,1390888289.000,1390888307.000,18.000
1390888308,1334.31,30.00,32.81,2.07,0.01,0.00,0,373,0.00,0.00,1390888289.000,1390888307.000,18.000
1390888309,1334.31,30.00,32.81,2.07,0.01,0.00,0,373,0.00,0.00,1390888289.000,1390888308.000,19.000
1390888309,1334.31,30.00,32.81,2.07,0.01,0.00,0,373,0.00,0.00,1390888289.000,1390888309.000,20.000
1390888310,1334.31,30.00,32.81,2.07,0.01,0.00,0,373,0.00,0.00,1390888289.000,1390888309.000,20.000
1390888311,1334.31,30.00,32.81,2.07,0.01,0.00,0,373,0.00,0.00,1390888289.000,1390888310.000,21.000
1390888311,1334.31,30.00,32.81,2.07,0.01,0.00,0,373,0.00,0.00,1390888289.000,1390888311.000,22.000
1390888312,1334.31,30.00,32.81,2.07,0.01,0.00,0,373,0.00,0.00,1390888289.000,1390888311.000,22.000
1390888313,1334.31,30.00,32.81,2.07,0.01,0.00,0,373,0.00,0.00,1390888289.000,1390888312.000,23.000
1390888313,1334.31,30.00,32.81,2.07,0.01,0.00,0,373,0.00,0.00,1390888289.000,1390888313.000,24.000
1390888314,1334.31,30.00,32.81,2.07,0.01,0.00,0,373,0.00,0.00,1390888289.000,1390888314.000,25.000
1390888315,1334.31,30.00,32.81,2.07,0.01,0.00,0,373,0.00,0.00,1390888289.000,1390888314.000,25.000
1390888316,1334.31,30.00,32.81,2.07,0.01,0.00,0,373,0.00,0.00,1390888289.000,1390888315.000,26.000
1390888316,1334.31,30.00,32.81,2.07,0.01,0.00,0,373,0.00,0.00,1390888289.000,1390888316.000,27.000
1390888317,1334.31,30.00,32.81,2.07,0.01,0.00,0,373,0.00,0.00,1390888289.000,1390888316.000,27.000
1390888317,1334.31,30.00,32.81,2.07,0.01,0.00,0,373,0.00,0.00,1390888289.000,1390888317.000,28.000
1390888318,1334.31,30.00,32.81,2.07,0.01,0.00,0,373,0.00,0.00,1390888289.000,1390888317.000,28.000
1390888319,1334.31,30.00,32.81,2.07,0.01,0.00,0,373,0.00,0.00,1390888289.000,1390888318.000,29.000
1390888319,1334.31,30.00,32.81,2.07,0.01,0.00,0,373,0.00,0.00,1390888289.000,1390888319.000,30.000
1390888322,1334.31,30.00,32.81,2.07,0.01,0.00,0,373,0.00,0.00,1390888289.000,1390888319.000,30.000
1390888322,1334.31,30.00,32.81,2.07,0.01,0.00,0,373,0.00,0.00,1390888289.000,1390888322.000,33.000
1390888323,1334.31,30.00,32.96,2.07,0.02,0.00,0,373,0.00,0.00,1390888289.000,1390888322.000,33.000
1390888326,1334.31,30.00,32.96,2.49,0.02,0.00,0,374,0.00,0.00,1390888323.000,1390888323.000,34.000
1390888326,1334.31,30.00,32.96,2.49,0.01,0.00,0,374,0.00,0.00,1390888323.000,1390888326.000,3.000
1390888327,1334.31,30.00,32.96,2.49,0.01,0.00,0,374,0.00,0.00,1390888323.000,1390888326.000,3.000
1390888328,1334.31,30.00,32.96,2.49,0.01,0.00,0,374,0.00,0.00,1390888323.000,1390888327.000,4.000
1390888328,1334.31,30.00,32.96,2.49,0.01,0.00,0,374,0.00,0.00,1390888323.000,1390888328.000,5.000
1390888329,1334.31,30.00,32.96,2.49,0.01,0.00,0,374,0.00,0.00,1390888323.000,1390888328.000,5.000
1390888329,1334.31,30.00,32.96,2.49,0.01,0.00,0,374,0.00,0.00,1390888323.000,1390888329.000,6.000
1390888330,1334.31,30.00,32.96,2.49,0.01,0.00,0,374,0.00,0.00,1390888323.000,1390888329.000,6.000
1390888330,1334.31,30.00,32.96,2.49,0.01,0.00,0,374,0.00,0.00,1390888323.000,1390888330.000,7.000
1390888331,1334.31,30.00,32.96,2.49,0.01,0.00,0,374,0.00,0.00,1390888323.000,1390888331.000,8.000
1390888332,1334.31,30.00,32.96,2.49,0.01,0.00,0,374,0.00,0.00,1390888323.000,1390888331.000,8.000
1390888332,1334.31,30.00,32.96,2.49,0.01,0.00,0,374,0.00,0.00,1390888323.000,1390888332.000,9.000
1390888333,1334.31,30.00,32.96,2.49,0.01,0.00,0,374,0.00,0.00,1390888323.000,1390888332.000,9.000
1390888333,1334.31,30.00,32.96,2.49,0.01,0.00,0,374,0.00,0.00,1390888323.000,1390888333.000,10.000
1390888334,1334.31,30.00,32.96,2.49,0.01,0.00,0,374,0.00,0.00,1390888323.000,1390888333.000,10.000
1390888335,1334.31,30.00,32.96,2.49,0.01,0.00,0,374,0.00,0.00,1390888323.000,1390888334.000,11.000
1390888335,1334.31,30.00,32.96,2.49,0.01,0.00,0,374,0.00,0.00,1390888323.000,1390888335.000,12.000
1390888336,1334.31,30.00,32.96,2.49,0.01,0.00,0,374,0.00,0.00,1390888323.000,1390888335.000,12.000
1390888336,1334.31,30.00,32.96,2.49,0.01,0.00,0,374,0.00,0.00,1390888323.000,1390888336.000,13.000
1390888339,1334.31,30.00,32.96,2.49,0.01,0.00,0,374,0.00,0.00,1390888323.000,1390888336.000,13.000
1390888339,1334.31,30.00,32.96,2.49,0.01,0.00,0,374,0.00,0.00,1390888323.000,1390888339.000,16.000
1390888340,1334.31,30.00,32.96,2.49,0.01,0.00,0,374,0.00,0.00,1390888323.000,1390888339.000,16.000
1390888340,1334.31,30.00,32.96,2.49,0.01,0.00,0,374,0.00,0.00,1390888323.000,1390888340.000,17.000
1390888341,1334.31,30.00,32.96,2.49,0.01,0.00,0,374,0.00,0.00,1390888323.000,1390888340.000,17.000
1390888341,1334.31,30.00,32.96,2.49,0.01,0.00,0,374,0.00,0.00,1390888323.000,1390888341.000,18.000
1390888342,1334.31,30.00,32.96,2.49,0.01,0.00,0,374,0.00,0.00,1390888323.000,1390888341.000,18.000
1390888343,1334.31,30.00,32.96,2.49,0.01,0.00,0,374,0.00,0.00,1390888323.000,1390888342.000,19.000
1390888343,1334.31,30.00,32.96,2.49,0.01,0.00,0,374,0.00,0.00,1390888323.000,1390888343.000,20.000
1390888344,1334.31,30.00,32.96,2.49,0.01,0.00,0,374,0.00,0.00,1390888323.000,1390888343.000,20.000
1390888345,1334.31,30.00,32.96,2.49,0.01,0.00,0,374,0.00,0.00,1390888323.000,1390888344.000,21.000
1390888346,1334.31,30.00,32.96,2.49,0.01,0.00,0,374,0.00,0.00,1390888323.000,1390888345.000,22.000
1390888346,1334.31,30.00,32.96,2.49,0.01,0.00,0,374,0.00,0.00,1390888323.000,1390888346.000,23.000
1390888347,1334.31,30.00,32.96,2.49,0.01,0.00,0,374,0.00,0.00,1390888323.000,1390888346.000,23.000
1390888348,1334.31,30.00,32.96,2.49,0.01,0.00,0,374,0.00,0.00,1390888323.000,1390888347.000,24.000
1390888348,1334.31,30.00,32.96,2.49,0.01,0.00,0,374,0.00,0.00,1390888323.000,1390888348.000,25.000
1390888349,1334.31,30.00,32.96,2.49,0.01,0.00,0,374,0.00,0.00,1390888323.000,1390888348.000,25.000
1390888350,1334.31,30.00,32.96,2.49,0.01,0.00,0,374,0.00,0.00,1390888323.000,1390888349.000,26.000
1390888350,1334.31,30.00,32.96,2.49,0.01,0.00,0,374,0.00,0.00,1390888323.000,1390888350.000,27.000
1390888351,1334.31,30.00,32.96,2.49,0.01,0.00,0,374,0.00,0.00,1390888323.000,1390888350.000,27.000
1390888351,1334.31,30.00,32.96,2.49,0.01,0.00,0,374,0.00,0.00,1390888323.000,1390888351.000,28.000
1390888352,1334.31,30.00,32.96,2.49,0.01,0.00,0,374,0.00,0.00,1390888323.000,1390888352.000,29.000
1390888353,1334.31,30.00,32.96,2.49,0.01,0.00,0,374,0.00,0.00,1390888323.000,1390888352.000,29.000
1390888355,1334.31,30.00,32.96,2.49,0.02,0.00,0,374,0.00,0.00,1390888323.000,1390888353.000,30.000
1390888356,1334.31,30.00,32.96,2.49,0.02,0.00,0,374,0.00,0.00,1390888323.000,1390888355.000,32.000
1390888356,1334.31,30.00,33.09,2.49,0.02,0.00,0,374,0.00,0.00,1390888323.000,1390888356.000,33.000
1390888360,1334.31,30.00,33.09,2.15,0.02,0.00,0,375,0.00,0.00,1390888357.000,1390888356.000,33.000
1390888360,1334.31,30.00,33.09,2.15,0.01,0.00,0,375,0.00,0.00,1390888357.000,1390888360.000,3.000
1390888360,1334.31,30.00,33.09,2.15,0.01,0.00,0,375,0.00,0.00,1390888357.000,1390888360.000,3.000
1390888362,1334.31,30.00,33.09,2.15,0.01,0.00,0,375,0.00,0.00,1390888357.000,1390888360.000,3.000
1390888362,1334.31,30.00,33.09,2.15,0.01,0.00,0,375,0.00,0.00,1390888357.000,1390888362.000,5.000
1390888363,1334.31,30.00,33.09,2.15,0.01,0.00,0,375,0.00,0.00,1390888357.000,1390888362.000,5.000
1390888363,1334.31,30.00,33.09,2.15,0.01,0.00,0,375,0.00,0.00,1390888357.000,1390888363.000,6.000
1390888364,1334.31,30.00,33.09,2.15,0.01,0.00,0,375,0.00,0.00,1390888357.000,1390888363.000,6.000
1390888364,1334.31,30.00,33.09,2.15,0.01,0.00,0,375,0.00,0.00,1390888357.000,1390888364.000,7.000
1390888365,1334.31,30.00,33.09,2.15,0.01,0.00,0,375,0.00,0.00,1390888357.000,1390888364.000,7.000
1390888366,1334.31,30.00,33.09,2.15,0.01,0.00,0,375,0.00,0.00,1390888357.000,1390888365.000,8.000
1390888366,1334.31,30.00,33.09,2.15,0.01,0.00,0,375,0.00,0.00,1390888357.000,1390888366.000,9.000
1390888367,1334.31,30.00,33.09,2.15,0.01,0.00,0,375,0.00,0.00,1390888357.000,1390888366.000,9.000
1390888367,1334.31,30.00,33.09,2.15,0.01,0.00,0,375,0.00,0.00,1390888357.000,1390888367.000,10.000
1390888368,1334.31,30.00,33.09,2.15,0.01,0.00,0,375,0.00,0.00,1390888357.000,1390888368.000,11.000
1390888369,1334.31,30.00,33.09,2.15,0.01,0.00,0,375,0.00,0.00,1390888357.000,1390888368.000,11.000
1390888369,1334.31,30.00,33.09,2.15,0.01,0.00,0,375,0.00,0.00,1390888357.000,1390888369.000,12.000
1390888372,1334.31,30.00,33.09,2.15,0.01,0.00,0,375,0.00,0.00,1390888357.000,1390888369.000,12.000
1390888372,1334.31,30.00,33.09,2.15,0.01,0.00,0,375,0.00,0.00,1390888357.000,1390888372.000,15.000
1390888373,1334.31,30.00,33.09,2.15,0.01,0.00,0,375,0.00,0.00,1390888357.000,1390888372.000,15.000
1390888373,1334.31,30.00,33.09,2.15,0.01,0.00,0,375,0.00,0.00,1390888357.000,1390888373.000,16.000
1390888374,1334.31,30.00,33.09,2.15,0.01,0.00,0,375,0.00,0.00,1390888357.000,1390888373.000,16.000
1390888374,1334.31,30.00,33.09,2.15,0.01,0.00,0,375,0.00,0.00,1390888357.000,1390888374.000,17.000
1390888375,1334.31,30.00,33.09,2.15,0.01,0.00,0,375,0.00,0.00,1390888357.000,1390888374.000,17.000
1390888376,1334.31,30.00,33.09,2.15,0.01,0.00,0,375,0.00,0.00,1390888357.000,1390888375.000,18.000
1390888377,1334.31,30.00,33.09,2.15,0.01,0.00,0,375,0.00,0.00,1390888357.000,1390888376.000,19.000
1390888377,1334.31,30.00,33.09,2.15,0.01,0.00,0,375,0.00,0.00,1390888357.000,1390888377.000,20.000
1390888378,1334.31,30.00,33.09,2.15,0.01,0.00,0,375,0.00,0.00,1390888357.000,1390888377.000,20.000
1390888379,1334.31,30.00,33.09,2.15,0.01,0.00,0,375,0.00,0.00,1390888357.000,1390888378.000,21.000
1390888380,1334.31,30.00,33.09,2.15,0.01,0.00,0,375,0.00,0.00,1390888357.000,1390888379.000,22.000
1390888380,1334.31,30.00,33.09,2.15,0.01,0.00,0,375,0.00,0.00,1390888357.000,1390888380.000,23.000
1390888381,1334.31,30.00,33.09,2.15,0.01,0.00,0,375,0.00,0.00,1390888357.000,1390888380.000,23.000
1390888382,1334.31,30.00,33.09,2.15,0.01,0.00,0,375,0.00,0.00,1390888357.000,1390888381.000,24.000
1390888383,1334.31,30.00,33.09,2.15,0.01,0.00,0,375,0.00,0.00,1390888357.000,1390888382.000,25.000
1390888383,1334.31,30.00,33.09,2.15,0.01,0.00,0,375,0.00,0.00,1390888357.000,1390888383.000,26.000
1390888384,1334.31,30.00,33.09,2.15,0.01,0.00,0,375,0.00,0.00,1390888357.000,1390888384.000,27.000
1390888385,1334.31,30.00,33.09,2.15,0.01,0.00,0,375,0.00,0.00,1390888357.000,1390888384.000,27.000
1390888386,1334.31,30.00,33.09,2.15,0.01,0.00,0,375,0.00,0.00,1390888357.000,1390888385.000,28.000
1390888386,1334.31,30.00,33.09,2.15,0.01,0.00,0,375,0.00,0.00,1390888357.000,1390888386.000,29.000
1390888389,1334.31,30.00,33.09,2.15,0.02,0.00,0,375,0.00,0.00,1390888357.000,1390888386.000,29.000
1390888389,1334.31,30.00,33.09,2.15,0.02,0.00,0,375,0.00,0.00,1390888357.000,1390888389.000,32.000
1390888390,1334.31,30.00,32.50,2.15,0.02,0.00,0,375,0.00,0.00,1390888357.000,1390888389.000,32.000
1390888394,1334.31,30.00,32.50,2.64,0.02,0.00,0,376,0.00,0.00,1390888390.000,1390888390.000,33.000
1390888394,1334.31,30.00,32.50,2.64,0.01,0.00,0,376,0.00,0.00,1390888390.000,1390888394.000,4.000
1390888394,1334.31,30.00,32.50,2.64,0.01,0.00,0,376,0.00,0.00,1390888390.000,1390888394.000,4.000
1390888395,1334.31,30.00,32.50,2.64,0.01,0.00,0,376,0.00,0.00,1390888390.000,1390888394.000,4.000
1390888395,1334.31,30.00,32.50,2.64,0.01,0.00,0,376,0.00,0.00,1390888390.000,1390888395.000,5.000
1390888396,1334.31,30.00,32.50,2.64,0.01,0.00,0,376,0.00,0.00,1390888390.000,1390888395.000,5.000
1390888397,1334.31,30.00,32.50,2.64,0.01,0.00,0,376,0.00,0.00,1390888390.000,1390888396.000,6.000
1390888397,1334.31,30.00,32.50,2.64,0.01,0.00,0,376,0.00,0.00,1390888390.000,1390888397.000,7.000
1390888398,1334.31,30.00,32.50,2.64,0.01,0.00,0,376,0.00,0.00,1390888390.000,1390888397.000,7.000
1390888398,1334.31,30.00,32.50,2.64,0.01,0.00,0,376,0.00,0.00,1390888390.000,1390888398.000,8.000
1390888399,1334.31,30.00,32.50,2.64,0.01,0.00,0,376,0.00,0.00,1390888390.000,1390888398.000,8.000
1390888400,1334.31,30.00,32.50,2.64,0.01,0.00,0,376,0.00,0.00,1390888390.000,1390888399.000,9.000
1390888400,1334.31,30.00,32.50,2.64,0.01,0.00,0,376,0.00,0.00,1390888390.000,1390888400.000,10.000
1390888401,1334.31,30.00,32.50,2.64,0.01,0.00,0,376,0.00,0.00,1390888390.000,1390888400.000,10.000
1390888401,1334.31,30.00,32.50,2.64,0.01,0.00,0,376,0.00,0.00,1390888390.000,1390888401.000,11.000
1390888402,1334.31,30.00,32.50,2.64,0.01,0.00,0,376,0.00,0.00,1390888390.000,1390888401.000,11.000
1390888403,1334.31,30.00,32.50,2.64,0.01,0.00,0,376,0.00,0.00,1390888390.000,1390888402.000,12.000
1390888405,1334.31,30.00,32.50,2.64,0.01,0.00,0,376,0.00,0.00,1390888390.000,1390888403.000,13.000
1390888405,1334.31,30.00,32.50,2.64,0.01,0.00,0,376,0.00,0.00,1390888390.000,1390888405.000,15.000
1390888406,1334.31,30.00,32.50,2.64,0.01,0.00,0,376,0.00,0.00,1390888390.000,1390888405.000,15.000
1390888407,1334.31,30.00,32.50,2.64,0.01,0.00,0,376,0.00,0.00,1390888390.000,1390888406.000,16.000
1390888407,1334.31,30.00,32.50,2.64,0.01,0.00,0,376,0.00,0.00,1390888390.000,1390888407.000,17.000
1390888408,1334.31,30.00,32.50,2.64,0.01,0.00,0,376,0.00,0.00,1390888390.000,1390888407.000,17.000
1390888408,1334.31,30.00,32.50,2.64,0.01,0.00,0,376,0.00,0.00,1390888390.000,1390888408.000,18.000
1390888409,1334.31,30.00,32.50,2.64,0.01,0.00,0,376,0.00,0.00,1390888390.000,1390888408.000,18.000
1390888410,1334.31,30.00,32.50,2.64,0.01,0.00,0,376,0.00,0.00,1390888390.000,1390888409.000,19.000
1390888411,1334.31,30.00,32.50,2.64,0.01,0.00,0,376,0.00,0.00,1390888390.000,1390888410.000,20.000
1390888411,1334.31,30.00,32.50,2.64,0.01,0.00,0,376,0.00,0.00,1390888390.000,1390888411.000,21.000
1390888412,1334.31,30.00,32.50,2.64,0.01,0.00,0,376,0.00,0.00,1390888390.000,1390888411.000,21.000
1390888413,1334.31,30.00,32.50,2.64,0.01,0.00,0,376,0.00,0.00,1390888390.000,1390888412.000,22.000
1390888414,1334.31,30.00,32.50,2.64,0.01,0.00,0,376,0.00,0.00,1390888390.000,1390888413.000,23.000
1390888414,1334.31,30.00,32.50,2.64,0.01,0.00,0,376,0.00,0.00,1390888390.000,1390888414.000,24.000
1390888415,1334.31,30.00,32.50,2.64,0.01,0.00,0,376,0.00,0.00,1390888390.000,1390888414.000,24.000
1390888416,1334.31,30.00,32.50,2.64,0.01,0.00,0,376,0.00,0.00,1390888390.000,1390888415.000,25.000
1390888416,1334.31,30.00,32.50,2.64,0.01,0.00,0,376,0.00,0.00,1390888390.000,1390888416.000,26.000
1390888417,1334.31,30.00,32.50,2.64,0.01,0.00,0,376,0.00,0.00,1390888390.000,1390888416.000,26.000
1390888418,1334.31,30.00,32.50,2.64,0.01,0.00,0,376,0.00,0.00,1390888390.000,1390888417.000,27.000
1390888418,1334.31,30.00,32.50,2.64,0.01,0.00,0,376,0.00,0.00,1390888390.000,1390888418.000,28.000
1390888419,1334.31,30.00,32.50,2.64,0.01,0.00,0,376,0.00,0.00,1390888390.000,1390888418.000,28.000
1390888420,1334.31,30.00,32.50,2.64,0.01,0.00,0,376,0.00,0.00,1390888390.000,1390888419.000,29.000
1390888422,1334.31,30.00,32.50,2.64,0.02,0.00,0,376,0.00,0.00,1390888390.000,1390888420.000,30.000
1390888423,1334.31,30.00,32.50,2.64,0.02,0.00,0,376,0.00,0.00,1390888390.000,1390888422.000,32.000
1390888423,1334.31,30.00,32.02,2.64,0.02,0.00,0,376,0.00,0.00,1390888390.000,1390888423.000,33.000
1390888427,1334.31,30.00,32.02,2.49,0.02,0.00,0,377,0.00,0.00,1390888423.000,1390888423.000,33.000
1390888427,1334.31,30.00,32.02,2.49,0.01,0.00,0,377,0.00,0.00,1390888423.000,1390888427.000,4.000
1390888427,1334.31,30.00,32.02,2.49,0.01,0.00,0,377,0.00,0.00,1390888423.000,1390888427.000,4.000
1390888429,1334.31,30.00,32.02,2.49,0.01,0.00,0,377,0.00,0.00,1390888423.000,1390888427.000,4.000
1390888429,1334.31,30.00,32.02,2.49,0.01,0.00,0,377,0.00,0.00,1390888423.000,1390888429.000,6.000
1390888430,1334.31,30.00,32.02,2.49,0.01,0.00,0,377,0.00,0.00,1390888423.000,1390888429.000,6.000
1390888430,1334.31,30.00,32.02,2.49,0.01,0.00,0,377,0.00,0.00,1390888423.000,1390888430.000,7.000
1390888431,1334.31,30.00,32.02,2.49,0.01,0.00,0,377,0.00,0.00,1390888423.000,1390888430.000,7.000
1390888431,1334.31,30.00,32.02,2.49,0.01,0.00,0,377,0.00,0.00,1390888423.000,1390888431.000,8.000
1390888432,1334.31,30.00,32.02,2.49,0.01,0.00,0,377,0.00,0.00,1390888423.000,1390888432.000,9.000
1390888433,1334.31,30.00,32.02,2.49,0.01,0.00,0,377,0.00,0.00,1390888423.000,1390888432.000,9.000
1390888433,1334.31,30.00,32.02,2.49,0.01,0.00,0,377,0.00,0.00,1390888423.000,1390888433.000,10.000
1390888434,1334.31,30.00,32.02,2.49,0.01,0.00,0,377,0.00,0.00,1390888423.000,1390888433.000,10.000
1390888434,1334.31,30.00,32.02,2.49,0.01,0.00,0,377,0.00,0.00,1390888423.000,1390888434.000,11.000
1390888435,1334.31,30.00,32.02,2.49,0.01,0.00,0,377,0.00,0.00,1390888423.000,1390888434.000,11.000
1390888436,1334.31,30.00,32.02,2.49,0.01,0.00,0,377,0.00,0.00,1390888423.000,1390888435.000,12.000
1390888436,1334.31,30.00,32.02,2.49,0.01,0.00,0,377,0.00,0.00,1390888423.000,1390888436.000,13.000
1390888439,1334.31,30.00,32.02,2.49,0.01,0.00,0,377,0.00,0.00,1390888423.000,1390888436.000,13.000
1390888439,1334.31,30.00,32.02,2.49,0.01,0.00,0,377,0.00,0.00,1390888423.000,1390888439.000,16.000
1390888439,1334.31,30.00,32.02,2.49,0.01,0.00,0,377,0.00,0.00,1390888423.000,1390888439.000,16.000
1390888440,1334.31,30.00,32.02,2.49,0.01,0.00,0,377,0.00,0.00,1390888423.000,1390888439.000,16.000
1390888441,1334.31,30.00,32.02,2.49,0.01,0.00,0,377,0.00,0.00,1390888423.000,1390888440.000,17.000
1390888441,1334.31,30.00,32.02,2.49,0.01,0.00,0,377,0.00,0.00,1390888423.000,1390888441.000,18.000
1390888442,1334.31,30.00,32.02,2.49,0.01,0.00,0,377,0.00,0.00,1390888423.000,1390888441.000,18.000
1390888443,1334.31,30.00,32.02,2.49,0.01,0.00,0,377,0.00,0.00,1390888423.000,1390888442.000,19.000
1390888443,1334.31,30.00,32.02,2.49,0.01,0.00,0,377,0.00,0.00,1390888423.000,1390888443.000,20.000
1390888444,1334.31,30.00,32.02,2.49,0.01,0.00,0,377,0.00,0.00,1390888423.000,1390888443.000,20.000
1390888445,1334.31,30.00,32.02,2.49,0.01,0.00,0,377,0.00,0.00,1390888423.000,1390888444.000,21.000
1390888446,1334.31,30.00,32.02,2.49,0.01,0.00,0,377,0.00,0.00,1390888423.000,1390888445.000,22.000
1390888446,1334.31,30.00,32.02,2.49,0.01,0.00,0,377,0.00,0.00,1390888423.000,1390888446.000,23.000
1390888447,1334.31,30.00,32.02,2.49,0.01,0.00,0,377,0.00,0.00,1390888423.000,1390888446.000,23.000
1390888448,1334.31,30.00,32.02,2.49,0.01,0.00,0,377,0.00,0.00,1390888423.000,1390888447.000,24.000
1390888449,1334.31,30.00,32.02,2.49,0.01,0.00,0,377,0.00,0.00,1390888423.000,1390888448.000,25.000
1390888449,1334.31,30.00,32.02,2.49,0.01,0.00,0,377,0.00,0.00,1390888423.000,1390888449.000,26.000
1390888450,1334.31,30.00,32.02,2.49,0.01,0.00,0,377,0.00,0.00,1390888423.000,1390888449.000,26.000
1390888450,1334.31,30.00,32.02,2.49,0.01,0.00,0,377,0.00,0.00,1390888423.000,1390888450.000,27.000
1390888451,1334.31,30.00,32.02,2.49,0.01,0.00,0,377,0.00,0.00,1390888423.000,1390888450.000,27.000
1390888452,1334.31,30.00,32.02,2.49,0.01,0.00,0,377,0.00,0.00,1390888423.000,1390888451.000,28.000
1390888453,1334.31,30.00,32.02,2.49,0.01,0.00,0,377,0.00,0.00,1390888423.000,1390888452.000,29.000
1390888455,1334.31,30.00,32.02,2.49,0.01,0.00,0,377,0.00,0.00,1390888423.000,1390888453.000,30.000
1390888455,1334.31,30.00,32.02,2.49,0.02,0.00,0,377,0.00,0.00,1390888423.000,1390888455.000,32.000
1390888456,1334.31,30.00,32.22,2.49,0.02,0.00,0,377,0.00,0.00,1390888423.000,1390888455.000,32.000
1390888460,1334.31,30.00,32.22,2.60,0.02,0.00,0,378,0.00,0.00,1390888456.000,1390888456.000,33.000
1390888460,1334.31,30.00,32.22,2.60,0.01,0.00,0,378,0.00,0.00,1390888456.000,1390888460.000,4.000
1390888460,1334.31,30.00,32.22,2.60,0.01,0.00,0,378,0.00,0.00,1390888456.000,1390888460.000,4.000
1390888461,1334.31,30.00,32.22,2.60,0.01,0.00,0,378,0.00,0.00,1390888456.000,1390888460.000,4.000
1390888461,1334.31,30.00,32.22,2.60,0.01,0.00,0,378,0.00,0.00,1390888456.000,1390888461.000,5.000
1390888462,1334.31,30.00,32.22,2.60,0.01,0.00,0,378,0.00,0.00,1390888456.000,1390888461.000,5.000
1390888463,1334.31,30.00,32.22,2.60,0.01,0.00,0,378,0.00,0.00,1390888456.000,1390888462.000,6.000
1390888463,1334.31,30.00,32.22,2.60,0.01,0.00,0,378,0.00,0.00,1390888456.000,1390888463.000,7.000
1390888464,1334.31,30.00,32.22,2.60,0.01,0.00,0,378,0.00,0.00,1390888456.000,1390888463.000,7.000
1390888464,1334.31,30.00,32.22,2.60,0.01,0.00,0,378,0.00,0.00,1390888456.000,1390888464.000,8.000
1390888465,1334.31,30.00,32.22,2.60,0.01,0.00,0,378,0.00,0.00,1390888456.000,1390888464.000,8.000
1390888466,1334.31,30.00,32.22,2.60,0.01,0.00,0,378,0.00,0.00,1390888456.000,1390888465.000,9.000
1390888466,1334.31,30.00,32.22,2.60,0.01,0.00,0,378,0.00,0.00,1390888456.000,1390888466.000,10.000
1390888467,1334.31,30.00,32.22,2.60,0.01,0.00,0,378,0.00,0.00,1390888456.000,1390888466.000,10.000
1390888467,1334.31,30.00,32.22,2.60,0.01,0.00,0,378,0.00,0.00,1390888456.000,1390888467.000,11.000
1390888468,1334.31,30.00,32.22,2.60,0.01,0.00,0,378,0.00,0.00,1390888456.000,1390888467.000,11.000
1390888468,1334.31,30.00,32.22,2.60,0.01,0.00,0,378,0.00,0.00,1390888456.000,1390888468.000,12.000
1390888469,1334.31,30.00,32.22,2.60,0.01,0.00,0,378,0.00,0.00,1390888456.000,1390888469.000,13.000
1390888470,1334.31,30.00,32.22,2.60,0.01,0.00,0,378,0.00,0.00,1390888456.000,1390888469.000,13.000
1390888472,1334.31,30.00,32.22,2.60,0.01,0.00,0,378,0.00,0.00,1390888456.000,1390888470.000,14.000
1390888472,1334.31,30.00,32.22,2.60,0.01,0.00,0,378,0.00,0.00,1390888456.000,1390888472.000,16.000
1390888473,1334.31,30.00,32.22,2.60,0.01,0.00,0,378,0.00,0.00,1390888456.000,1390888472.000,16.000
1390888473,1334.31,30.00,32.22,2.60,0.01,0.00,0,378,0.00,0.00,1390888456.000,1390888473.000,17.000
1390888474,1334.31,30.00,32.22,2.60,0.01,0.00,0,378,0.00,0.00,1390888456.000,1390888473.000,17.000
1390888474,1334.31,30.00,32.22,2.60,0.01,0.00,0,378,0.00,0.00,1390888456.000,1390888474.000,18.000
1390888475,1334.31,30.00,32.22,2.60,0.01,0.00,0,378,0.00,0.00,1390888456.000,1390888474.000,18.000
1390888476,1334.31,30.00,32.22,2.60,0.01,0.00,0,378,0.00,0.00,1390888456.000,1390888475.000,19.000
1390888476,1334.31,30.00,32.22,2.60,0.01,0.00,0,378,0.00,0.00,1390888456.000,1390888476.000,20.000
1390888477,1334.31,30.00,32.22,2.60,0.01,0.00,0,378,0.00,0.00,1390888456.000,1390888476.000,20.000
1390888478,1334.31,30.00,32.22,2.60,0.01,0.00,0,378,0.00,0.00,1390888456.000,1390888477.000,21.000
1390888478,1334.31,30.00,32.22,2.60,0.01,0.00,0,378,0.00,0.00,1390888456.000,1390888478.000,22.000
1390888479,1334.31,30.00,32.22,2.60,0.01,0.00,0,378,0.00,0.00,1390888456.000,1390888479.000,23.000
1390888480,1334.31,30.00,32.22,2.60,0.01,0.00,0,378,0.00,0.00,1390888456.000,1390888479.000,23.000
1390888481,1334.31,30.00,32.22,2.60,0.01,0.00,0,378,0.00,0.00,1390888456.000,1390888480.000,24.000
1390888481,1334.31,30.00,32.22,2.60,0.01,0.00,0,378,0.00,0.00,1390888456.000,1390888481.000,25.000
1390888482,1334.31,30.00,32.22,2.60,0.01,0.00,0,378,0.00,0.00,1390888456.000,1390888481.000,25.000
1390888483,1334.31,30.00,32.22,2.60,0.01,0.00,0,378,0.00,0.00,1390888456.000,1390888482.000,26.000
1390888483,1334.31,30.00,32.22,2.60,0.01,0.00,0,378,0.00,0.00,1390888456.000,1390888483.000,27.000
1390888484,1334.31,30.00,32.22,2.60,0.01,0.00,0,378,0.00,0.00,1390888456.000,1390888483.000,27.000
1390888484,1334.31,30.00,32.22,2.60,0.01,0.00,0,378,0.00,0.00,1390888456.000,1390888484.000,28.000
1390888485,1334.31,30.00,32.22,2.60,0.01,0.00,0,378,0.00,0.00,1390888456.000,1390888484.000,28.000
1390888486,1334.31,30.00,32.22,2.60,0.01,0.00,0,378,0.00,0.00,1390888456.000,1390888485.000,29.000
1390888486,1334.31,30.00,32.22,2.60,0.01,0.00,0,378,0.00,0.00,1390888456.000,1390888486.000,30.000
1390888489,1334.31,30.00,32.22,2.60,0.01,0.00,0,378,0.00,0.00,1390888456.000,1390888486.000,30.000
1390888489,1334.31,30.00,32.22,2.60,0.02,0.00,0,378,0.00,0.00,1390888456.000,1390888489.000,33.000
1390888493,1334.31,30.00,32.83,2.31,0.02,0.00,0,379,0.00,0.00,1390888490.000,1390888489.000,33.000
1390888493,1334.31,30.00,32.83,2.31,0.01,0.00,0,379,0.00,0.00,1390888490.000,1390888493.000,3.000
1390888493,1334.31,30.00,32.83,2.31,0.01,0.00,0,379,0.00,0.00,1390888490.000,1390888493.000,3.000
1390888494,1334.31,30.00,32.83,2.31,0.01,0.00,0,379,0.00,0.00,1390888490.000,1390888493.000,3.000
1390888495,1334.31,30.00,32.83,2.31,0.01,0.00,0,379,0.00,0.00,1390888490.000,1390888494.000,4.000
1390888495,1334.31,30.00,32.83,2.31,0.01,0.00,0,379,0.00,0.00,1390888490.000,1390888495.000,5.000
1390888496,1334.31,30.00,32.83,2.31,0.01,0.00,0,379,0.00,0.00,1390888490.000,1390888495.000,5.000
1390888496,1334.31,30.00,32.83,2.31,0.01,0.00,0,379,0.00,0.00,1390888490.000,1390888496.000,6.000
1390888497,1334.31,30.00,32.83,2.31,0.01,0.00,0,379,0.00,0.00,1390888490.000,1390888496.000,6.000
1390888498,1334.31,30.00,32.83,2.31,0.01,0.00,0,379,0.00,0.00,1390888490.000,1390888497.000,7.000
1390888498,1334.31,30.00,32.83,2.31,0.01,0.00,0,379,0.00,0.00,1390888490.000,1390888498.000,8.000
1390888499,1334.31,30.00,32.83,2.31,0.01,0.00,0,379,0.00,0.00,1390888490.000,1390888498.000,8.000
1390888499,1334.31,30.00,32.83,2.31,0.01,0.00,0,379,0.00,0.00,1390888490.000,1390888499.000,9.000
1390888500,1334.31,30.00,32.83,2.31,0.01,0.00,0,379,0.00,0.00,1390888490.000,1390888499.000,9.000
1390888500,1334.31,30.00,32.83,2.31,0.01,0.00,0,379,0.00,0.00,1390888490.000,1390888500.000,10.000
1390888501,1334.31,30.00,32.83,2.31,0.01,0.00,0,379,0.00,0.00,1390888490.000,1390888500.000,10.000
1390888502,1334.31,30.00,32.83,2.31,0.01,0.00,0,379,0.00,0.00,1390888490.000,1390888501.000,11.000
1390888502,1334.31,30.00,32.83,2.31,0.01,0.00,0,379,0.00,0.00,1390888490.000,1390888502.000,12.000
1390888503,1334.31,30.00,32.83,2.31,0.01,0.00,0,379,0.00,0.00,1390888490.000,1390888502.000,12.000
1390888505,1334.31,30.00,32.83,2.31,0.01,0.00,0,379,0.00,0.00,1390888490.000,1390888503.000,13.000
1390888505,1334.31,30.00,32.83,2.31,0.01,0.00,0,379,0.00,0.00,1390888490.000,1390888505.000,15.000
1390888506,1334.31,30.00,32.83,2.31,0.01,0.00,0,379,0.00,0.00,1390888490.000,1390888505.000,15.000
1390888506,1334.31,30.00,32.83,2.31,0.01,0.00,0,379,0.00,0.00,1390888490.000,1390888506.000,16.000
1390888507,1334.31,30.00,32.83,2.31,0.01,0.00,0,379,0.00,0.00,1390888490.000,1390888507.000,17.000
1390888508,1334.31,30.00,32.83,2.31,0.01,0.00,0,379,0.00,0.00,1390888490.000,1390888507.000,17.000
1390888508,1334.31,30.00,32.83,2.31,0.01,0.00,0,379,0.00,0.00,1390888490.000,1390888508.000,18.000
1390888509,1334.31,30.00,32.83,2.31,0.01,0.00,0,379,0.00,0.00,1390888490.000,1390888508.000,18.000
1390888510,1334.31,30.00,32.83,2.31,0.01,0.00,0,379,0.00,0.00,1390888490.000,1390888509.000,19.000
1390888510,1334.31,30.00,32.83,2.31,0.01,0.00,0,379,0.00,0.00,1390888490.000,1390888510.000,20.000
1390888511,1334.31,30.00,32.83,2.31,0.01,0.00,0,379,0.00,0.00,1390888490.000,1390888510.000,20.000
1390888512,1334.31,30.00,32.83,2.31,0.01,0.00,0,379,0.00,0.00,1390888490.000,1390888511.000,21.000
1390888512,1334.31,30.00,32.83,2.31,0.01,0.00,0,379,0.00,0.00,1390888490.000,1390888512.000,22.000
1390888513,1334.31,30.00,32.83,2.31,0.01,0.00,0,379,0.00,0.00,1390888490.000,1390888513.000,23.000
1390888514,1334.31,30.00,32.83,2.31,0.01,0.00,0,379,0.00,0.00,1390888490.000,1390888513.000,23.000
1390888515,1334.31,30.00,32.83,2.31,0.01,0.00,0,379,0.00,0.00,1390888490.000,1390888514.000,24.000
1390888515,1334.31,30.00,32.83,2.31,0.01,0.00,0,379,0.00,0.00,1390888490.000,1390888515.000,25.000
1390888516,1334.31,30.00,32.83,2.31,0.01,0.00,0,379,0.00,0.00,1390888490.000,1390888515.000,25.000
1390888516,1334.31,30.00,32.83,2.31,0.01,0.00,0,379,0.00,0.00,1390888490.000,1390888516.000,26.000
1390888517,1334.31,30.00,32.83,2.31,0.01,0.00,0,379,0.00,0.00,1390888490.000,1390888516.000,26.000
1390888518,1334.31,30.00,32.83,2.31,0.01,0.00,0,379,0.00,0.00,1390888490.000,1390888517.000,27.000
1390888518,1334.31,30.00,32.83,2.31,0.01,0.00,0,379,0.00,0.00,1390888490.000,1390888518.000,28.000
1390888519,1334.31,30.00,32.83,2.31,0.01,0.00,0,379,0.00,0.00,1390888490.000,1390888518.000,28.000
1390888520,1334.31,30.00,32.83,2.31,0.01,0.00,0,379,0.00,0.00,1390888490.000,1390888519.000,29.000
1390888522,1334.31,30.00,32.83,2.31,0.01,0.00,0,379,0.00,0.00,1390888490.000,1390888520.000,30.000
1390888522,1334.31,30.00,32.83,2.31,0.01,0.00,0,379,0.00,0.00,1390888490.000,1390888522.000,32.000
1390888523,1334.31,30.00,32.62,2.31,0.02,0.00,0,379,0.00,0.00,1390888490.000,1390888522.000,32.000
1390888526,1334.31,30.00,32.62,2.56,0.02,0.00,0,380,0.00,0.00,1390888523.000,1390888523.000,33.000
1390888527,1334.31,30.00,32.62,2.56,0.01,0.00,0,380,0.00,0.00,1390888523.000,1390888527.000,4.000
1390888527,1334.31,30.00,32.62,2.56,0.01,0.00,0,380,0.00,0.00,1390888523.000,1390888527.000,4.000
1390888528,1334.31,30.00,32.62,2.56,0.01,0.00,0,380,0.00,0.00,1390888523.000,1390888527.000,4.000
1390888528,1334.31,30.00,32.62,2.56,0.01,0.00,0,380,0.00,0.00,1390888523.000,1390888528.000,5.000
1390888529,1334.31,30.00,32.62,2.56,0.01,0.00,0,380,0.00,0.00,1390888523.000,1390888528.000,5.000
1390888530,1334.31,30.00,32.62,2.56,0.01,0.00,0,380,0.00,0.00,1390888523.000,1390888529.000,6.000
1390888530,1334.31,30.00,32.62,2.56,0.01,0.00,0,380,0.00,0.00,1390888523.000,1390888530.000,7.000
1390888531,1334.31,30.00,32.62,2.56,0.01,0.00,0,380,0.00,0.00,1390888523.000,1390888530.000,7.000
1390888531,1334.31,30.00,32.62,2.56,0.01,0.00,0,380,0.00,0.00,1390888523.000,1390888531.000,8.000
1390888532,1334.31,30.00,32.62,2.56,0.01,0.00,0,380,0.00,0.00,1390888523.000,1390888531.000,8.000
1390888533,1334.31,30.00,32.62,2.56,0.01,0.00,0,380,0.00,0.00,1390888523.000,1390888532.000,9.000
1390888533,1334.31,30.00,32.62,2.56,0.01,0.00,0,380,0.00,0.00,1390888523.000,1390888533.000,10.000
1390888534,1334.31,30.00,32.62,2.56,0.01,0.00,0,380,0.00,0.00,1390888523.000,1390888533.000,10.000
1390888534,1334.31,30.00,32.62,2.56,0.01,0.00,0,380,0.00,0.00,1390888523.000,1390888534.000,11.000
1390888535,1334.31,30.00,32.62,2.56,0.01,0.00,0,380,0.00,0.00,1390888523.000,1390888534.000,11.000
1390888535,1334.31,30.00,32.62,2.56,0.01,0.00,0,380,0.00,0.00,1390888523.000,1390888535.000,12.000
1390888536,1334.31,30.00,32.62,2.56,0.01,0.00,0,380,0.00,0.00,1390888523.000,1390888535.000,12.000
1390888538,1334.31,30.00,32.62,2.56,0.01,0.00,0,380,0.00,0.00,1390888523.000,1390888536.000,13.000
1390888539,1334.31,30.00,32.62,2.56,0.01,0.00,0,380,0.00,0.00,1390888523.000,1390888538.000,15.000
1390888539,1334.31,30.00,32.62,2.56,0.01,0.00,0,380,0.00,0.00,1390888523.000,1390888539.000,16.000
1390888540,1334.31,30.00,32.62,2.56,0.01,0.00,0,380,0.00,0.00,1390888523.000,1390888539.000,16.000
1390888540,1334.31,30.00,32.62,2.56,0.01,0.00,0,380,0.00,0.00,1390888523.000,1390888540.000,17.000
1390888541,1334.31,30.00,32.62,2.56,0.01,0.00,0,380,0.00,0.00,1390888523.000,1390888540.000,17.000
1390888541,1334.31,30.00,32.62,2.56,0.01,0.00,0,380,0.00,0.00,1390888523.000,1390888541.000,18.000
1390888542,1334.31,30.00,32.62,2.56,0.01,0.00,0,380,0.00,0.00,1390888523.000,1390888541.000,18.000
1390888543,1334.31,30.00,32.62,2.56,0.01,0.00,0,380,0.00,0.00,1390888523.000,1390888542.000,19.000
1390888543,1334.31,30.00,32.62,2.56,0.01,0.00,0,380,0.00,0.00,1390888523.000,1390888543.000,20.000
1390888544,1334.31,30.00,32.62,2.56,0.01,0.00,0,380,0.00,0.00,1390888523.000,1390888543.000,20.000
1390888545,1334.31,30.00,32.62,2.56,0.01,0.00,0,380,0.00,0.00,1390888523.000,1390888544.000,21.000
1390888546,1334.31,30.00,32.62,2.56,0.01,0.00,0,380,0.00,0.00,1390888523.000,1390888545.000,22.000
1390888546,1334.31,30.00,32.62,2.56,0.01,0.00,0,380,0.00,0.00,1390888523.000,1390888546.000,23.000
1390888547,1334.31,30.00,32.62,2.56,0.01,0.00,0,380,0.00,0.00,1390888523.000,1390888546.000,23.000
1390888548,1334.31,30.00,32.62,2.56,0.01,0.00,0,380,0.00,0.00,1390888523.000,1390888547.000,24.000
1390888548,1334.31,30.00,32.62,2.56,0.01,0.00,0,380,0.00,0.00,1390888523.000,1390888548.000,25.000
1390888549,1334.31,30.00,32.62,2.56,0.01,0.00,0,380,0.00,0.00,1390888523.000,1390888548.000,25.000
1390888550,1334.31,30.00,32.62,2.56,0.01,0.00,0,380,0.00,0.00,1390888523.000,1390888549.000,26.000
1390888550,1334.31,30.00,32.62,2.56,0.01,0.00,0,380,0.00,0.00,1390888523.000,1390888550.000,27.000
1390888551,1334.31,30.00,32.62,2.56,0.01,0.00,0,380,0.00,0.00,1390888523.000,1390888550.000,27.000
1390888551,1334.31,30.00,32.62,2.56,0.01,0.00,0,380,0.00,0.00,1390888523.000,1390888551.000,28.000
1390888552,1334.31,30.00,32.62,2.56,0.01,0.00,0,380,0.00,0.00,1390888523.000,1390888551.000,28.000
1390888553,1334.31,30.00,32.62,2.56,0.01,0.00,0,380,0.00,0.00,1390888523.000,1390888552.000,29.000
1390888555,1334.31,30.00,32.62,2.56,0.01,0.00,0,380,0.00,0.00,1390888523.000,1390888553.000,30.000
1390888555,1334.31,30.00,32.62,2.56,0.02,0.00,0,380,0.00,0.00,1390888523.000,1390888555.000,32.000
1390888556,1334.31,30.00,32.69,2.56,0.02,0.00,0,380,0.00,0.00,1390888523.000,1390888555.000,32.000
1390888560,1334.31,30.00,32.69,2.10,0.02,0.00,0,381,0.00,0.00,1390888557.000,1390888556.000,33.000
1390888560,1334.31,30.00,32.69,2.10,0.01,0.00,0,381,0.00,0.00,1390888557.000,1390888560.000,3.000
1390888560,1334.31,30.00,32.69,2.10,0.01,0.00,0,381,0.00,0.00,1390888557.000,1390888560.000,3.000
1390888561,1334.31,30.00,32.69,2.10,0.01,0.00,0,381,0.00,0.00,1390888557.000,1390888560.000,3.000
1390888562,1334.31,30.00,32.69,2.10,0.01,0.00,0,381,0.00,0.00,1390888557.000,1390888561.000,4.000
1390888562,1334.31,30.00,32.69,2.10,0.01,0.00,0,381,0.00,0.00,1390888557.000,1390888562.000,5.000
1390888563,1334.31,30.00,32.69,2.10,0.01,0.00,0,381,0.00,0.00,1390888557.000,1390888562.000,5.000
1390888563,1334.31,30.00,32.69,2.10,0.01,0.00,0,381,0.00,0.00,1390888557.000,1390888563.000,6.000
1390888564,1334.31,30.00,32.69,2.10,0.01,0.00,0,381,0.00,0.00,1390888557.000,1390888563.000,6.000
1390888564,1334.31,30.00,32.69,2.10,0.01,0.00,0,381,0.00,0.00,1390888557.000,1390888564.000,7.000
1390888565,1334.31,30.00,32.69,2.10,0.01,0.00,0,381,0.00,0.00,1390888557.000,1390888564.000,7.000
1390888566,1334.31,30.00,32.69,2.10,0.01,0.00,0,381,0.00,0.00,1390888557.000,1390888565.000,8.000
1390888566,1334.31,30.00,32.69,2.10,0.01,0.00,0,381,0.00,0.00,1390888557.000,1390888566.000,9.000
1390888567,1334.31,30.00,32.69,2.10,0.01,0.00,0,381,0.00,0.00,1390888557.000,1390888566.000,9.000
1390888567,1334.31,30.00,32.69,2.10,0.01,0.00,0,381,0.00,0.00,1390888557.000,1390888567.000,10.000
1390888568,1334.31,30.00,32.69,2.10,0.01,0.00,0,381,0.00,0.00,1390888557.000,1390888567.000,10.000
1390888568,1334.31,30.00,32.69,2.10,0.01,0.00,0,381,0.00,0.00,1390888557.000,1390888568.000,11.000
1390888569,1334.31,30.00,32.69,2.10,0.01,0.00,0,381,0.00,0.00,1390888557.000,1390888568.000,11.000
1390888570,1334.31,30.00,32.69,2.10,0.01,0.00,0,381,0.00,0.00,1390888557.000,1390888569.000,12.000
1390888572,1334.31,30.00,32.69,2.10,0.01,0.00,0,381,0.00,0.00,1390888557.000,1390888570.000,13.000
1390888572,1334.31,30.00,32.69,2.10,0.01,0.00,0,381,0.00,0.00,1390888557.000,1390888572.000,15.000
1390888573,1334.31,30.00,32.69,2.10,0.01,0.00,0,381,0.00,0.00,1390888557.000,1390888572.000,15.000
1390888573,1334.31,30.00,32.69,2.10,0.01,0.00,0,381,0.00,0.00,1390888557.000,1390888573.000,16.000
1390888574,1334.31,30.00,32.69,2.10,0.01,0.00,0,381,0.00,0.00,1390888557.000,1390888573.000,16.000
1390888575,1334.31,30.00,32.69,2.10,0.01,0.00,0,381,0.00,0.00,1390888557.000,1390888574.000,17.000
1390888575,1334.31,30.00,32.69,2.10,0.01,0.00,0,381,0.00,0.00,1390888557.000,1390888575.000,18.000
1390888576,1334.31,30.00,32.69,2.10,0.01,0.00,0,381,0.00,0.00,1390888557.000,1390888575.000,18.000
1390888576,1334.31,30.00,32.69,2.10,0.01,0.00,0,381,0.00,0.00,1390888557.000,1390888576.000,19.000
1390888577,1334.31,30.00,32.69,2.10,0.01,0.00,0,381,0.00,0.00,1390888557.000,1390888576.000,19.000
1390888578,1334.31,30.00,32.69,2.10,0.01,0.00,0,381,0.00,0.00,1390888557.000,1390888577.000,20.000
1390888579,1334.31,30.00,32.69,2.10,0.01,0.00,0,381,0.00,0.00,1390888557.000,1390888578.000,21.000
1390888579,1334.31,30.00,32.69,2.10,0.01,0.00,0,381,0.00,0.00,1390888557.000,1390888579.000,22.000
1390888580,1334.31,30.00,32.69,2.10,0.01,0.00,0,381,0.00,0.00,1390888557.000,1390888579.000,22.000
1390888581,1334.31,30.00,32.69,2.10,0.01,0.00,0,381,0.00,0.00,1390888557.000,1390888580.000,23.000
1390888581,1334.31,30.00,32.69,2.10,0.01,0.00,0,381,0.00,0.00,1390888557.000,1390888581.000,24.000
1390888582,1334.31,30.00,32.69,2.10,0.01,0.00,0,381,0.00,0.00,1390888557.000,1390888581.000,24.000
1390888583,1334.31,30.00,32.69,2.10,0.01,0.00,0,381,0.00,0.00,1390888557.000,1390888582.000,25.000
1390888583,1334.31,30.00,32.69,2.10,0.01,0.00,0,381,0.00,0.00,1390888557.000,1390888583.000,26.000
1390888584,1334.31,30.00,32.69,2.10,0.01,0.00,0,381,0.00,0.00,1390888557.000,1390888583.000,26.000
1390888584,1334.31,30.00,32.69,2.10,0.01,0.00,0,381,0.00,0.00,1390888557.000,1390888584.000,27.000
1390888585,1334.31,30.00,32.69,2.10,0.01,0.00,0,381,0.00,0.00,1390888557.000,1390888585.000,28.000
1390888586,1334.31,30.00,32.69,2.10,0.01,0.00,0,381,0.00,0.00,1390888557.000,1390888585.000,28.000
1390888589,1334.31,30.00,32.69,2.10,0.01,0.00,0,381,0.00,0.00,1390888557.000,1390888586.000,29.000
1390888589,1334.31,30.00,32.69,2.10,0.01,0.00,0,381,0.00,0.00,1390888557.000,1390888589.000,32.000
1390888590,1334.31,30.00,32.24,2.10,0.02,0.00,0,381,0.00,0.00,1390888557.000,1390888589.000,32.000
1390888593,1334.31,30.00,32.24,2.42,0.02,0.00,0,382,0.00,0.00,1390888590.000,1390888590.000,33.000
1390888593,1334.31,30.00,32.24,2.42,0.01,0.00,0,382,0.00,0.00,1390888590.000,1390888593.000,3.000
1390888593,1334.31,30.00,32.24,2.42,0.01,0.00,0,382,0.00,0.00,1390888590.000,1390888593.000,3.000
1390888595,1334.31,30.00,32.24,2.42,0.01,0.00,0,382,0.00,0.00,1390888590.000,1390888594.000,4.000
1390888595,1334.31,30.00,32.24,2.42,0.01,0.00,0,382,0.00,0.00,1390888590.000,1390888595.000,5.000
1390888596,1334.31,30.00,32.24,2.42,0.01,0.00,0,382,0.00,0.00,1390888590.000,1390888595.000,5.000
1390888596,1334.31,30.00,32.24,2.42,0.01,0.00,0,382,0.00,0.00,1390888590.000,1390888596.000,6.000
1390888597,1334.31,30.00,32.24,2.42,0.01,0.00,0,382,0.00,0.00,1390888590.000,1390888596.000,6.000
1390888597,1334.31,30.00,32.24,2.42,0.01,0.00,0,382,0.00,0.00,1390888590.000,1390888597.000,7.000
1390888598,1334.31,30.00,32.24,2.42,0.01,0.00,0,382,0.00,0.00,1390888590.000,1390888597.000,7.000
1390888599,1334.31,30.00,32.24,2.42,0.01,0.00,0,382,0.00,0.00,1390888590.000,1390888598.000,8.000
1390888599,1334.31,30.00,32.24,2.42,0.01,0.00,0,382,0.00,0.00,1390888590.000,1390888599.000,9.000
1390888600,1334.31,30.00,32.24,2.42,0.01,0.00,0,382,0.00,0.00,1390888590.000,1390888599.000,9.000
1390888600,1334.31,30.00,32.24,2.42,0.01,0.00,0,382,0.00,0.00,1390888590.000,1390888600.000,10.000
1390888601,1334.31,30.00,32.24,2.42,0.01,0.00,0,382,0.00,0.00,1390888590.000,1390888600.000,10.000
1390888601,1334.31,30.00,32.24,2.42,0.01,0.00,0,382,0.00,0.00,1390888590.000,1390888601.000,11.000
1390888602,1334.31,30.00,32.24,2.42,0.01,0.00,0,382,0.00,0.00,1390888590.000,1390888601.000,11.000
1390888603,1334.31,30.00,32.24,2.42,0.01,0.00,0,382,0.00,0.00,1390888590.000,1390888602.000,12.000
1390888605,1334.31,30.00,32.24,2.42,0.01,0.00,0,382,0.00,0.00,1390888590.000,1390888603.000,13.000
1390888605,1334.31,30.00,32.24,2.42,0.01,0.00,0,382,0.00,0.00,1390888590.000,1390888605.000,15.000
1390888606,1334.31,30.00,32.24,2.42,0.01,0.00,0,382,0.00,0.00,1390888590.000,1390888605.000,15.000
1390888606,1334.31,30.00,32.24,2.42,0.01,0.00,0,382,0.00,0.00,1390888590.000,1390888606.000,16.000
1390888607,1334.31,30.00,32.24,2.42,0.01,0.00,0,382,0.00,0.00,1390888590.000,1390888607.000,17.000
1390888608,1334.31,30.00,32.24,2.42,0.01,0.00,0,382,0.00,0.00,1390888590.000,1390888607.000,17.000
1390888608,1334.31,30.00,32.24,2.42,0.01,0.00,0,382,0.00,0.00,1390888590.000,1390888608.000,18.000
1390888609,1334.31,30.00,32.24,2.42,0.01,0.00,0,382,0.00,0.00,1390888590.000,1390888608.000,18.000
1390888610,1334.31,30.00,32.24,2.42,0.01,0.00,0,382,0.00,0.00,1390888590.000,1390888609.000,19.000
1390888610,1334.31,30.00,32.24,2.42,0.01,0.00,0,382,0.00,0.00,1390888590.000,1390888610.000,20.000
1390888611,1334.31,30.00,32.24,2.42,0.01,0.00,0,382,0.00,0.00,1390888590.000,1390888610.000,20.000
1390888611,1334.31,30.00,32.24,2.42,0.01,0.00,0,382,0.00,0.00,1390888590.000,1390888611.000,21.000
1390888612,1334.31,30.00,32.24,2.42,0.01,0.00,0,382,0.00,0.00,1390888590.000,1390888612.000,22.000
1390888613,1334.31,30.00,32.24,2.42,0.01,0.00,0,382,0.00,0.00,1390888590.000,1390888612.000,22.000
1390888614,1334.31,30.00,32.24,2.42,0.01,0.00,0,382,0.00,0.00,1390888590.000,1390888613.000,23.000
1390888614,1334.31,30.00,32.24,2.42,0.01,0.00,0,382,0.00,0.00,1390888590.000,1390888614.000,24.000
1390888615,1334.31,30.00,32.24,2.42,0.01,0.00,0,382,0.00,0.00,1390888590.000,1390888614.000,24.000
1390888616,1334.31,30.00,32.24,2.42,0.01,0.00,0,382,0.00,0.00,1390888590.000,1390888615.000,25.000
1390888616,1334.31,30.00,32.24,2.42,0.01,0.00,0,382,0.00,0.00,1390888590.000,1390888616.000,26.000
1390888617,1334.31,30.00,32.24,2.42,0.01,0.00,0,382,0.00,0.00,1390888590.000,1390888616.000,26.000
1390888617,1334.31,30.00,32.24,2.42,0.01,0.00,0,382,0.00,0.00,1390888590.000,1390888617.000,27.000
1390888618,1334.31,30.00,32.24,2.42,0.01,0.00,0,382,0.00,0.00,1390888590.000,1390888617.000,27.000
1390888619,1334.31,30.00,32.24,2.42,0.01,0.00,0,382,0.00,0.00,1390888590.000,1390888618.000,28.000
1390888620,1334.31,30.00,32.24,2.42,0.01,0.00,0,382,0.00,0.00,1390888590.000,1390888619.000,29.000
1390888622,1334.31,30.00,32.24,2.42,0.01,0.00,0,382,0.00,0.00,1390888590.000,1390888620.000,30.000
1390888622,1334.31,30.00,32.24,2.42,0.01,0.00,0,382,0.00,0.00,1390888590.000,1390888622.000,32.000
1390888623,1334.31,30.00,32.81,2.42,0.02,0.00,0,382,0.00,0.00,1390888590.000,1390888622.000,32.000
1390888626,1334.31,30.00,32.81,2.03,0.02,0.00,0,383,0.00,0.00,1390888623.000,1390888623.000,33.000
1390888627,1334.31,30.00,32.81,2.03,0.01,0.00,0,383,0.00,0.00,1390888623.000,1390888626.000,3.000
1390888627,1334.31,30.00,32.81,2.03,0.01,0.00,0,383,0.00,0.00,1390888623.000,1390888627.000,4.000
1390888628,1334.31,30.00,32.81,2.03,0.01,0.00,0,383,0.00,0.00,1390888623.000,1390888627.000,4.000
1390888628,1334.31,30.00,32.81,2.03,0.01,0.00,0,383,0.00,0.00,1390888623.000,1390888628.000,5.000
1390888629,1334.31,30.00,32.81,2.03,0.01,0.00,0,383,0.00,0.00,1390888623.000,1390888628.000,5.000
1390888629,1334.31,30.00,32.81,2.03,0.01,0.00,0,383,0.00,0.00,1390888623.000,1390888629.000,6.000
1390888630,1334.31,30.00,32.81,2.03,0.01,0.00,0,383,0.00,0.00,1390888623.000,1390888630.000,7.000
1390888631,1334.31,30.00,32.81,2.03,0.01,0.00,0,383,0.00,0.00,1390888623.000,1390888630.000,7.000
1390888631,1334.31,30.00,32.81,2.03,0.01,0.00,0,383,0.00,0.00,1390888623.000,1390888631.000,8.000
1390888632,1334.31,30.00,32.81,2.03,0.01,0.00,0,383,0.00,0.00,1390888623.000,1390888631.000,8.000
1390888632,1334.31,30.00,32.81,2.03,0.01,0.00,0,383,0.00,0.00,1390888623.000,1390888632.000,9.000
1390888633,1334.31,30.00,32.81,2.03,0.01,0.00,0,383,0.00,0.00,1390888623.000,1390888633.000,10.000
1390888634,1334.31,30.00,32.81,2.03,0.01,0.00,0,383,0.00,0.00,1390888623.000,1390888633.000,10.000
1390888634,1334.31,30.00,32.81,2.03,0.01,0.00,0,383,0.00,0.00,1390888623.000,1390888634.000,11.000
1390888635,1334.31,30.00,32.81,2.03,0.01,0.00,0,383,0.00,0.00,1390888623.000,1390888634.000,11.000
1390888635,1334.31,30.00,32.81,2.03,0.01,0.00,0,383,0.00,0.00,1390888623.000,1390888635.000,12.000
1390888636,1334.31,30.00,32.81,2.03,0.01,0.00,0,383,0.00,0.00,1390888623.000,1390888635.000,12.000
1390888639,1334.31,30.00,32.81,2.03,0.01,0.00,0,383,0.00,0.00,1390888623.000,1390888636.000,13.000
1390888639,1334.31,30.00,32.81,2.03,0.01,0.00,0,383,0.00,0.00,1390888623.000,1390888639.000,16.000
1390888640,1334.31,30.00,32.81,2.03,0.01,0.00,0,383,0.00,0.00,1390888623.000,1390888639.000,16.000
1390888640,1334.31,30.00,32.81,2.03,0.01,0.00,0,383,0.00,0.00,1390888623.000,1390888640.000,17.000
1390888641,1334.31,30.00,32.81,2.03,0.01,0.00,0,383,0.00,0.00,1390888623.000,1390888640.000,17.000
1390888641,1334.31,30.00,32.81,2.03,0.01,0.00,0,383,0.00,0.00,1390888623.000,1390888641.000,18.000
1390888642,1334.31,30.00,32.81,2.03,0.01,0.00,0,383,0.00,0.00,1390888623.000,1390888641.000,18.000
1390888643,1334.31,30.00,32.81,2.03,0.01,0.00,0,383,0.00,0.00,1390888623.000,1390888642.000,19.000
1390888643,1334.31,30.00,32.81,2.03,0.01,0.00,0,383,0.00,0.00,1390888623.000,1390888643.000,20.000
1390888644,1334.31,30.00,32.81,2.03,0.01,0.00,0,383,0.00,0.00,1390888623.000,1390888643.000,20.000
1390888645,1334.31,30.00,32.81,2.03,0.01,0.00,0,383,0.00,0.00,1390888623.000,1390888644.000,21.000
1390888646,1334.31,30.00,32.81,2.03,0.01,0.00,0,383,0.00,0.00,1390888623.000,1390888645.000,22.000
1390888646,1334.31,30.00,32.81,2.03,0.01,0.00,0,383,0.00,0.00,1390888623.000,1390888646.000,23.000
1390888647,1334.31,30.00,32.81,2.03,0.01,0.00,0,383,0.00,0.00,1390888623.000,1390888646.000,23.000
1390888648,1334.31,30.00,32.81,2.03,0.01,0.00,0,383,0.00,0.00,1390888623.000,1390888647.000,24.000
1390888648,1334.31,30.00,32.81,2.03,0.01,0.00,0,383,0.00,0.00,1390888623.000,1390888648.000,25.000
1390888649,1334.31,30.00,32.81,2.03,0.01,0.00,0,383,0.00,0.00,1390888623.000,1390888648.000,25.000
1390888650,1334.31,30.00,32.81,2.03,0.01,0.00,0,383,0.00,0.00,1390888623.000,1390888649.000,26.000
1390888650,1334.31,30.00,32.81,2.03,0.01,0.00,0,383,0.00,0.00,1390888623.000,1390888650.000,27.000
1390888651,1334.31,30.00,32.81,2.03,0.01,0.00,0,383,0.00,0.00,1390888623.000,1390888650.000,27.000
1390888651,1334.31,30.00,32.81,2.03,0.01,0.00,0,383,0.00,0.00,1390888623.000,1390888651.000,28.000
1390888652,1334.31,30.00,32.81,2.03,0.01,0.00,0,383,0.00,0.00,1390888623.000,1390888651.000,28.000
1390888653,1334.31,30.00,32.81,2.03,0.01,0.00,0,383,0.00,0.00,1390888623.000,1390888652.000,29.000
1390888655,1334.31,30.00,32.81,2.03,0.02,0.00,0,383,0.00,0.00,1390888623.000,1390888653.000,30.000
1390888655,1334.31,30.00,32.81,2.03,0.01,0.00,0,383,0.00,0.00,1390888623.000,1390888655.000,32.000
1390888656,1334.31,30.00,32.40,2.03,0.02,0.00,0,383,0.00,0.00,1390888623.000,1390888656.000,33.000
1390888660,1334.31,30.00,32.40,2.59,0.02,0.00,0,384,0.00,0.00,1390888656.000,1390888656.000,33.000
1390888660,1334.31,30.00,32.40,2.59,0.01,0.00,0,384,0.00,0.00,1390888656.000,1390888660.000,4.000
1390888660,1334.31,30.00,32.40,2.59,0.01,0.00,0,384,0.00,0.00,1390888656.000,1390888660.000,4.000
1390888661,1334.31,30.00,32.40,2.59,0.01,0.00,0,384,0.00,0.00,1390888656.000,1390888660.000,4.000
1390888662,1334.31,30.00,32.40,2.59,0.01,0.00,0,384,0.00,0.00,1390888656.000,1390888661.000,5.000
1390888662,1334.31,30.00,32.40,2.59,0.01,0.00,0,384,0.00,0.00,1390888656.000,1390888662.000,6.000
1390888663,1334.31,30.00,32.40,2.59,0.01,0.00,0,384,0.00,0.00,1390888656.000,1390888662.000,6.000
1390888663,1334.31,30.00,32.40,2.59,0.01,0.00,0,384,0.00,0.00,1390888656.000,1390888663.000,7.000
1390888664,1334.31,30.00,32.40,2.59,0.01,0.00,0,384,0.00,0.00,1390888656.000,1390888664.000,8.000
1390888665,1334.31,30.00,32.40,2.59,0.01,0.00,0,384,0.00,0.00,1390888656.000,1390888664.000,8.000
1390888665,1334.31,30.00,32.40,2.59,0.01,0.00,0,384,0.00,0.00,1390888656.000,1390888665.000,9.000
1390888666,1334.31,30.00,32.40,2.59,0.01,0.00,0,384,0.00,0.00,1390888656.000,1390888665.000,9.000
1390888666,1334.31,30.00,32.40,2.59,0.01,0.00,0,384,0.00,0.00,1390888656.000,1390888666.000,10.000
1390888667,1334.31,30.00,32.40,2.59,0.01,0.00,0,384,0.00,0.00,1390888656.000,1390888666.000,10.000
1390888668,1334.31,30.00,32.40,2.59,0.01,0.00,0,384,0.00,0.00,1390888656.000,1390888667.000,11.000
1390888668,1334.31,30.00,32.40,2.59,0.01,0.00,0,384,0.00,0.00,1390888656.000,1390888668.000,12.000
1390888669,1334.31,30.00,32.40,2.59,0.01,0.00,0,384,0.00,0.00,1390888656.000,1390888668.000,12.000
1390888669,1334.31,30.00,32.40,2.59,0.01,0.00,0,384,0.00,0.00,1390888656.000,1390888669.000,13.000
1390888672,1334.31,30.00,32.40,2.59,0.01,0.00,0,384,0.00,0.00,1390888656.000,1390888669.000,13.000
1390888672,1334.31,30.00,32.40,2.59,0.01,0.00,0,384,0.00,0.00,1390888656.000,1390888672.000,16.000
1390888673,1334.31,30.00,32.40,2.59,0.01,0.00,0,384,0.00,0.00,1390888656.000,1390888672.000,16.000
1390888673,1334.31,30.00,32.40,2.59,0.01,0.00,0,384,0.00,0.00,1390888656.000,1390888673.000,17.000
1390888674,1334.31,30.00,32.40,2.59,0.01,0.00,0,384,0.00,0.00,1390888656.000,1390888673.000,17.000
1390888674,1334.31,30.00,32.40,2.59,0.01,0.00,0,384,0.00,0.00,1390888656.000,1390888674.000,18.000
1390888675,1334.31,30.00,32.40,2.59,0.01,0.00,0,384,0.00,0.00,1390888656.000,1390888674.000,18.000
1390888675,1334.31,30.00,32.40,2.59,0.01,0.00,0,384,0.00,0.00,1390888656.000,1390888675.000,19.000
1390888676,1334.31,30.00,32.40,2.59,0.01,0.00,0,384,0.00,0.00,1390888656.000,1390888675.000,19.000
1390888677,1334.31,30.00,32.40,2.59,0.01,0.00,0,384,0.00,0.00,1390888656.000,1390888676.000,20.000
1390888678,1334.31,30.00,32.40,2.59,0.01,0.00,0,384,0.00,0.00,1390888656.000,1390888677.000,21.000
1390888678,1334.31,30.00,32.40,2.59,0.01,0.00,0,384,0.00,0.00,1390888656.000,1390888678.000,22.000
1390888679,1334.31,30.00,32.40,2.59,0.01,0.00,0,384,0.00,0.00,1390888656.000,1390888678.000,22.000
1390888680,1334.31,30.00,32.40,2.59,0.01,0.00,0,384,0.00,0.00,1390888656.000,1390888679.000,23.000
1390888680,1334.31,30.00,32.40,2.59,0.01,0.00,0,384,0.00,0.00,1390888656.000,1390888680.000,24.000
1390888681,1334.31,30.00,32.40,2.59,0.01,0.00,0,384,0.00,0.00,1390888656.000,1390888680.000,24.000
1390888682,1334.31,30.00,32.40,2.59,0.01,0.00,0,384,0.00,0.00,1390888656.000,1390888681.000,25.000
1390888682,1334.31,30.00,32.40,2.59,0.01,0.00,0,384,0.00,0.00,1390888656.000,1390888682.000,26.000
1390888683,1334.31,30.00,32.40,2.59,0.01,0.00,0,384,0.00,0.00,1390888656.000,1390888683.000,27.000
1390888684,1334.31,30.00,32.40,2.59,0.01,0.00,0,384,0.00,0.00,1390888656.000,1390888683.000,27.000
1390888684,1334.31,30.00,32.40,2.59,0.01,0.00,0,384,0.00,0.00,1390888656.000,1390888684.000,28.000
1390888685,1334.31,30.00,32.40,2.59,0.01,0.00,0,384,0.00,0.00,1390888656.000,1390888684.000,28.000
1390888686,1334.31,30.00,32.40,2.59,0.01,0.00,0,384,0.00,0.00,1390888656.000,1390888685.000,29.000
1390888686,1334.31,30.00,32.40,2.59,0.01,0.00,0,384,0.00,0.00,1390888656.000,1390888686.000,30.000
1390888689,1334.31,30.00,32.40,2.59,0.01,0.00,0,384,0.00,0.00,1390888656.000,1390888686.000,30.000
1390888689,1334.31,30.00,32.40,2.59,0.01,0.00,0,384,0.00,0.00,1390888656.000,1390888689.000,33.000
1390888693,1334.31,30.00,32.26,2.53,0.02,0.00,0,385,0.00,0.00,1390888690.000,1390888689.000,33.000
1390888693,1334.31,30.00,32.26,2.53,0.01,0.00,0,385,0.00,0.00,1390888690.000,1390888693.000,3.000
1390888693,1334.31,30.00,32.26,2.53,0.01,0.00,0,385,0.00,0.00,1390888690.000,1390888693.000,3.000
1390888694,1334.31,30.00,32.26,2.53,0.01,0.00,0,385,0.00,0.00,1390888690.000,1390888693.000,3.000
1390888695,1334.31,30.00,32.26,2.53,0.01,0.00,0,385,0.00,0.00,1390888690.000,1390888694.000,4.000
1390888695,1334.31,30.00,32.26,2.53,0.01,0.00,0,385,0.00,0.00,1390888690.000,1390888695.000,5.000
1390888696,1334.31,30.00,32.26,2.53,0.01,0.00,0,385,0.00,0.00,1390888690.000,1390888695.000,5.000
1390888696,1334.31,30.00,32.26,2.53,0.01,0.00,0,385,0.00,0.00,1390888690.000,1390888696.000,6.000
1390888697,1334.31,30.00,32.26,2.53,0.01,0.00,0,385,0.00,0.00,1390888690.000,1390888696.000,6.000
1390888698,1334.31,30.00,32.26,2.53,0.01,0.00,0,385,0.00,0.00,1390888690.000,1390888697.000,7.000
1390888698,1334.31,30.00,32.26,2.53,0.01,0.00,0,385,0.00,0.00,1390888690.000,1390888698.000,8.000
1390888699,1334.31,30.00,32.26,2.53,0.01,0.00,0,385,0.00,0.00,1390888690.000,1390888698.000,8.000
1390888699,1334.31,30.00,32.26,2.53,0.01,0.00,0,385,0.00,0.00,1390888690.000,1390888699.000,9.000
1390888700,1334.31,30.00,32.26,2.53,0.01,0.00,0,385,0.00,0.00,1390888690.000,1390888699.000,9.000
1390888701,1334.31,30.00,32.26,2.53,0.01,0.00,0,385,0.00,0.00,1390888690.000,1390888700.000,10.000
1390888701,1334.31,30.00,32.26,2.53,0.01,0.00,0,385,0.00,0.00,1390888690.000,1390888701.000,11.000
1390888702,1334.31,30.00,32.26,2.53,0.01,0.00,0,385,0.00,0.00,1390888690.000,1390888701.000,11.000
1390888702,1334.31,30.00,32.26,2.53,0.01,0.00,0,385,0.00,0.00,1390888690.000,1390888702.000,12.000
1390888703,1334.31,30.00,32.26,2.53,0.01,0.00,0,385,0.00,0.00,1390888690.000,1390888702.000,12.000
1390888705,1334.31,30.00,32.26,2.53,0.01,0.00,0,385,0.00,0.00,1390888690.000,1390888703.000,13.000
1390888705,1334.31,30.00,32.26,2.53,0.01,0.00,0,385,0.00,0.00,1390888690.000,1390888705.000,15.000
1390888706,1334.31,30.00,32.26,2.53,0.01,0.00,0,385,0.00,0.00,1390888690.000,1390888705.000,15.000
1390888707,1334.31,30.00,32.26,2.53,0.01,0.00,0,385,0.00,0.00,1390888690.000,1390888706.000,16.000
1390888707,1334.31,30.00,32.26,2.53,0.01,0.00,0,385,0.00,0.00,1390888690.000,1390888707.000,17.000
1390888708,1334.31,30.00,32.26,2.53,0.01,0.00,0,385,0.00,0.00,1390888690.000,1390888707.000,17.000
1390888708,1334.31,30.00,32.26,2.53,0.01,0.00,0,385,0.00,0.00,1390888690.000,1390888708.000,18.000
1390888709,1334.31,30.00,32.26,2.53,0.01,0.00,0,385,0.00,0.00,1390888690.000,1390888709.000,19.000
1390888710,1334.31,30.00,32.26,2.53,0.01,0.00,0,385,0.00,0.00,1390888690.000,1390888709.000,19.000
1390888711,1334.31,30.00,32.26,2.53,0.01,0.00,0,385,0.00,0.00,1390888690.000,1390888710.000,20.000
1390888711,1334.31,30.00,32.26,2.53,0.01,0.00,0,385,0.00,0.00,1390888690.000,1390888711.000,21.000
1390888712,1334.31,30.00,32.26,2.53,0.01,0.00,0,385,0.00,0.00,1390888690.000,1390888711.000,21.000
1390888713,1334.31,30.00,32.26,2.53,0.01,0.00,0,385,0.00,0.00,1390888690.000,1390888712.000,22.000
1390888713,1334.31,30.00,32.26,2.53,0.01,0.00,0,385,0.00,0.00,1390888690.000,1390888713.000,23.000
1390888714,1334.31,30.00,32.26,2.53,0.01,0.00,0,385,0.00,0.00,1390888690.000,1390888713.000,23.000
1390888715,1334.31,30.00,32.26,2.53,0.01,0.00,0,385,0.00,0.00,1390888690.000,1390888714.000,24.000
1390888715,1334.31,30.00,32.26,2.53,0.01,0.00,0,385,0.00,0.00,1390888690.000,1390888715.000,25.000
1390888716,1334.31,30.00,32.26,2.53,0.01,0.00,0,385,0.00,0.00,1390888690.000,1390888715.000,25.000
1390888717,1334.31,30.00,32.26,2.53,0.01,0.00,0,385,0.00,0.00,1390888690.000,1390888716.000,26.000
1390888717,1334.31,30.00,32.26,2.53,0.01,0.00,0,385,0.00,0.00,1390888690.000,1390888717.000,27.000
1390888718,1334.31,30.00,32.26,2.53,0.01,0.00,0,385,0.00,0.00,1390888690.000,1390888717.000,27.000
1390888718,1334.31,30.00,32.26,2.53,0.01,0.00,0,385,0.00,0.00,1390888690.000,1390888718.000,28.000
1390888719,1334.31,30.00,32.26,2.53,0.01,0.00,0,385,0.00,0.00,1390888690.000,1390888718.000,28.000
1390888720,1334.31,30.00,32.26,2.53,0.01,0.00,0,385,0.00,0.00,1390888690.000,1390888719.000,29.000
1390888722,1334.31,30.00,32.26,2.53,0.01,0.00,0,385,0.00,0.00,1390888690.000,1390888720.000,30.000
1390888722,1334.31,30.00,32.26,2.53,0.01,0.00,0,385,0.00,0.00,1390888690.000,1390888722.000,32.000
1390888723,1334.31,30.00,32.97,2.53,0.01,0.00,0,385,0.00,0.00,1390888690.000,1390888722.000,32.000
1390888727,1334.31,30.00,32.97,1.94,0.02,0.00,0,386,0.00,0.00,1390888723.000,1390888723.000,33.000
1390888727,1334.31,30.00,32.97,1.94,0.01,0.00,0,386,0.00,0.00,1390888723.000,1390888727.000,4.000
1390888727,1334.31,30.00,32.97,1.94,0.01,0.00,0,386,0.00,0.00,1390888723.000,1390888727.000,4.000
1390888728,1334.31,30.00,32.97,1.94,0.01,0.00,0,386,0.00,0.00,1390888723.000,1390888727.000,4.000
1390888729,1334.31,30.00,32.97,1.94,0.01,0.00,0,386,0.00,0.00,1390888723.000,1390888728.000,5.000
1390888729,1334.31,30.00,32.97,1.94,0.01,0.00,0,386,0.00,0.00,1390888723.000,1390888729.000,6.000
1390888730,1334.31,30.00,32.97,1.94,0.01,0.00,0,386,0.00,0.00,1390888723.000,1390888729.000,6.000
1390888731,1334.31,30.00,32.97,1.94,0.01,0.00,0,386,0.00,0.00,1390888723.000,1390888730.000,7.000
1390888731,1334.31,30.00,32.97,1.94,0.01,0.00,0,386,0.00,0.00,1390888723.000,1390888731.000,8.000
1390888732,1334.31,30.00,32.97,1.94,0.01,0.00,0,386,0.00,0.00,1390888723.000,1390888731.000,8.000
1390888732,1334.31,30.00,32.97,1.94,0.01,0.00,0,386,0.00,0.00,1390888723.000,1390888732.000,9.000
1390888733,1334.31,30.00,32.97,1.94,0.01,0.00,0,386,0.00,0.00,1390888723.000,1390888732.000,9.000
1390888733,1334.31,30.00,32.97,1.94,0.01,0.00,0,386,0.00,0.00,1390888723.000,1390888733.000,10.000
1390888734,1334.31,30.00,32.97,1.94,0.01,0.00,0,386,0.00,0.00,1390888723.000,1390888733.000,10.000
1390888735,1334.31,30.00,32.97,1.94,0.01,0.00,0,386,0.00,0.00,1390888723.000,1390888734.000,11.000
1390888735,1334.31,30.00,32.97,1.94,0.01,0.00,0,386,0.00,0.00,1390888723.000,1390888735.000,12.000
1390888736,1334.31,30.00,32.97,1.94,0.01,0.00,0,386,0.00,0.00,1390888723.000,1390888735.000,12.000
1390888736,1334.31,30.00,32.97,1.94,0.01,0.00,0,386,0.00,0.00,1390888723.000,1390888736.000,13.000
1390888739,1334.31,30.00,32.97,1.94,0.01,0.00,0,386,0.00,0.00,1390888723.000,1390888736.000,13.000
1390888739,1334.31,30.00,32.97,1.94,0.01,0.00,0,386,0.00,0.00,1390888723.000,1390888739.000,16.000
1390888739,1334.31,30.00,32.97,1.94,0.01,0.00,0,386,0.00,0.00,1390888723.000,1390888739.000,16.000
1390888740,1334.31,30.00,32.97,1.94,0.01,0.00,0,386,0.00,0.00,1390888723.000,1390888739.000,16.000
1390888741,1334.31,30.00,32.97,1.94,0.01,0.00,0,386,0.00,0.00,1390888723.000,1390888740.000,17.000
1390888741,1334.31,30.00,32.97,1.94,0.01,0.00,0,386,0.00,0.00,1390888723.000,1390888741.000,18.000
1390888742,1334.31,30.00,32.97,1.94,0.01,0.00,0,386,0.00,0.00,1390888723.000,1390888741.000,18.000
1390888742,1334.31,30.00,32.97,1.94,0.01,0.00,0,386,0.00,0.00,1390888723.000,1390888742.000,19.000
1390888743,1334.31,30.00,32.97,1.94,0.01,0.00,0,386,0.00,0.00,1390888723.000,1390888742.000,19.000
1390888744,1334.31,30.00,32.97,1.94,0.01,0.00,0,386,0.00,0.00,1390888723.000,1390888743.000,20.000
1390888745,1334.31,30.00,32.97,1.94,0.01,0.00,0,386,0.00,0.00,1390888723.000,1390888744.000,21.000
1390888745,1334.31,30.00,32.97,1.94,0.01,0.00,0,386,0.00,0.00,1390888723.000,1390888745.000,22.000
1390888746,1334.31,30.00,32.97,1.94,0.01,0.00,0,386,0.00,0.00,1390888723.000,1390888745.000,22.000
1390888747,1334.31,30.00,32.97,1.94,0.01,0.00,0,386,0.00,0.00,1390888723.000,1390888746.000,23.000
1390888747,1334.31,30.00,32.97,1.94,0.01,0.00,0,386,0.00,0.00,1390888723.000,1390888747.000,24.000
1390888748,1334.31,30.00,32.97,1.94,0.01,0.00,0,386,0.00,0.00,1390888723.000,1390888747.000,24.000
1390888749,1334.31,30.00,32.97,1.94,0.01,0.00,0,386,0.00,0.00,1390888723.000,1390888748.000,25.000
1390888749,1334.31,30.00,32.97,1.94,0.01,0.00,0,386,0.00,0.00,1390888723.000,1390888749.000,26.000
1390888750,1334.31,30.00,32.97,1.94,0.01,0.00,0,386,0.00,0.00,1390888723.000,1390888749.000,26.000
1390888751,1334.31,30.00,32.97,1.94,0.01,0.00,0,386,0.00,0.00,1390888723.000,1390888750.000,27.000
1390888751,1334.31,30.00,32.97,1.94,0.01,0.00,0,386,0.00,0.00,1390888723.000,1390888751.000,28.000
1390888752,1334.31,30.00,32.97,1.94,0.01,0.00,0,386,0.00,0.00,1390888723.000,1390888751.000,28.000
1390888752,1334.31,30.00,32.97,1.94,0.01,0.00,0,386,0.00,0.00,1390888723.000,1390888752.000,29.000
1390888753,1334.31,30.00,32.97,1.94,0.01,0.00,0,386,0.00,0.00,1390888723.000,1390888752.000,29.000
1390888755,1334.31,30.00,32.97,1.94,0.01,0.00,0,386,0.00,0.00,1390888723.000,1390888753.000,30.000
1390888756,1334.31,30.00,32.97,1.94,0.02,0.00,0,386,0.00,0.00,1390888723.000,1390888755.000,32.000
1390888756,1334.31,30.00,32.46,1.94,0.02,0.00,0,386,0.00,0.00,1390888723.000,1390888756.000,33.000
1390888760,1334.31,30.00,32.46,2.65,0.01,0.00,0,387,0.00,0.00,1390888757.000,1390888756.000,33.000
1390888760,1334.31,30.00,32.46,2.65,0.01,0.00,0,387,0.00,0.00,1390888757.000,1390888760.000,3.000
1390888760,1334.31,30.00,32.46,2.65,0.01,0.00,0,387,0.00,0.00,1390888757.000,1390888760.000,3.000
1390888762,1334.31,30.00,32.46,2.65,0.01,0.00,0,387,0.00,0.00,1390888757.000,1390888760.000,3.000
1390888762,1334.31,30.00,32.46,2.65,0.01,0.00,0,387,0.00,0.00,1390888757.000,1390888762.000,5.000
1390888762,1334.31,30.00,32.46,2.65,0.01,0.00,0,387,0.00,0.00,1390888757.000,1390888762.000,5.000
1390888763,1334.31,30.00,32.46,2.65,0.01,0.00,0,387,0.00,0.00,1390888757.000,1390888762.000,5.000
1390888764,1334.31,30.00,32.46,2.65,0.01,0.00,0,387,0.00,0.00,1390888757.000,1390888763.000,6.000
1390888764,1334.31,30.00,32.46,2.65,0.01,0.00,0,387,0.00,0.00,1390888757.000,1390888764.000,7.000
1390888765,1334.31,30.00,32.46,2.65,0.01,0.00,0,387,0.00,0.00,1390888757.000,1390888764.000,7.000
1390888765,1334.31,30.00,32.46,2.65,0.01,0.00,0,387,0.00,0.00,1390888757.000,1390888765.000,8.000
1390888766,1334.31,30.00,32.46,2.65,0.01,0.00,0,387,0.00,0.00,1390888757.000,1390888765.000,8.000
1390888766,1334.31,30.00,32.46,2.65,0.01,0.00,0,387,0.00,0.00,1390888757.000,1390888766.000,9.000
1390888767,1334.31,30.00,32.46,2.65,0.01,0.00,0,387,0.00,0.00,1390888757.000,1390888766.000,9.000
1390888768,1334.31,30.00,32.46,2.65,0.01,0.00,0,387,0.00,0.00,1390888757.000,1390888767.000,10.000
1390888768,1334.31,30.00,32.46,2.65,0.01,0.00,0,387,0.00,0.00,1390888757.000,1390888768.000,11.000
1390888769,1334.31,30.00,32.46,2.65,0.01,0.00,0,387,0.00,0.00,1390888757.000,1390888768.000,11.000
1390888770,1334.31,30.00,32.46,2.65,0.01,0.00,0,387,0.00,0.00,1390888757.000,1390888769.000,12.000
1390888772,1334.31,30.00,32.46,2.65,0.01,0.00,0,387,0.00,0.00,1390888757.000,1390888770.000,13.000
1390888772,1334.31,30.00,32.46,2.65,0.01,0.00,0,387,0.00,0.00,1390888757.000,1390888772.000,15.000
1390888773,1334.31,30.00,32.46,2.65,0.01,0.00,0,387,0.00,0.00,1390888757.000,1390888772.000,15.000
1390888773,1334.31,30.00,32.46,2.65,0.01,0.00,0,387,0.00,0.00,1390888757.000,1390888773.000,16.000
1390888774,1334.31,30.00,32.46,2.65,0.01,0.00,0,387,0.00,0.00,1390888757.000,1390888773.000,16.000
1390888774,1334.31,30.00,32.46,2.65,0.01,0.00,0,387,0.00,0.00,1390888757.000,1390888774.000,17.000
1390888775,1334.31,30.00,32.46,2.65,0.01,0.00,0,387,0.00,0.00,1390888757.000,1390888774.000,17.000
1390888776,1334.31,30.00,32.46,2.65,0.01,0.00,0,387,0.00,0.00,1390888757.000,1390888775.000,18.000
1390888776,1334.31,30.00,32.46,2.65,0.01,0.00,0,387,0.00,0.00,1390888757.000,1390888776.000,19.000
1390888777,1334.31,30.00,32.46,2.65,0.01,0.00,0,387,0.00,0.00,1390888757.000,1390888776.000,19.000
1390888778,1334.31,30.00,32.46,2.65,0.01,0.00,0,387,0.00,0.00,1390888757.000,1390888777.000,20.000
1390888779,1334.31,30.00,32.46,2.65,0.01,0.00,0,387,0.00,0.00,1390888757.000,1390888778.000,21.000
1390888779,1334.31,30.00,32.46,2.65,0.01,0.00,0,387,0.00,0.00,1390888757.000,1390888779.000,22.000
1390888780,1334.31,30.00,32.46,2.65,0.01,0.00,0,387,0.00,0.00,1390888757.000,1390888780.000,23.000
1390888781,1334.31,30.00,32.46,2.65,0.01,0.00,0,387,0.00,0.00,1390888757.000,1390888780.000,23.000
1390888781,1334.31,30.00,32.46,2.65,0.01,0.00,0,387,0.00,0.00,1390888757.000,1390888781.000,24.000
1390888782,1334.31,30.00,32.46,2.65,0.01,0.00,0,387,0.00,0.00,1390888757.000,1390888781.000,24.000
1390888783,1334.31,30.00,32.46,2.65,0.01,0.00,0,387,0.00,0.00,1390888757.000,1390888782.000,25.000
1390888783,1334.31,30.00,32.46,2.65,0.01,0.00,0,387,0.00,0.00,1390888757.000,1390888783.000,26.000
1390888784,1334.31,30.00,32.46,2.65,0.01,0.00,0,387,0.00,0.00,1390888757.000,1390888783.000,26.000
1390888784,1334.31,30.00,32.46,2.65,0.01,0.00,0,387,0.00,0.00,1390888757.000,1390888784.000,27.000
1390888785,1334.31,30.00,32.46,2.65,0.01,0.00,0,387,0.00,0.00,1390888757.000,1390888784.000,27.000
1390888786,1334.31,30.00,32.46,2.65,0.01,0.00,0,387,0.00,0.00,1390888757.000,1390888785.000,28.000
1390888788,1334.31,30.00,32.46,2.65,0.01,0.00,0,387,0.00,0.00,1390888757.000,1390888786.000,29.000
1390888789,1334.31,30.00,32.46,2.65,0.02,0.00,0,387,0.00,0.00,1390888757.000,1390888788.000,31.000
1390888789,1334.31,30.00,32.55,2.65,0.01,0.00,0,387,0.00,0.00,1390888757.000,1390888789.000,32.000
1390888793,1334.31,30.00,32.55,2.39,0.02,0.00,0,388,0.00,0.00,1390888790.000,1390888789.000,32.000
1390888793,1334.31,30.00,32.55,2.39,0.01,0.00,0,388,0.00,0.00,1390888790.000,1390888793.000,3.000
1390888794,1334.31,30.00,32.55,2.39,0.01,0.00,0,388,0.00,0.00,1390888790.000,1390888793.000,3.000
1390888794,1334.31,30.00,32.55,2.39,0.01,0.00,0,388,0.00,0.00,1390888790.000,1390888794.000,4.000
1390888795,1334.31,30.00,32.55,2.39,0.01,0.00,0,388,0.00,0.00,1390888790.000,1390888794.000,4.000
1390888796,1334.31,30.00,32.55,2.39,0.01,0.00,0,388,0.00,0.00,1390888790.000,1390888795.000,5.000
1390888796,1334.31,30.00,32.55,2.39,0.01,0.00,0,388,0.00,0.00,1390888790.000,1390888796.000,6.000
1390888797,1334.31,30.00,32.55,2.39,0.01,0.00,0,388,0.00,0.00,1390888790.000,1390888796.000,6.000
1390888797,1334.31,30.00,32.55,2.39,0.01,0.00,0,388,0.00,0.00,1390888790.000,1390888797.000,7.000
1390888798,1334.31,30.00,32.55,2.39,0.01,0.00,0,388,0.00,0.00,1390888790.000,1390888797.000,7.000
1390888798,1334.31,30.00,32.55,2.39,0.01,0.00,0,388,0.00,0.00,1390888790.000,1390888798.000,8.000
1390888799,1334.31,30.00,32.55,2.39,0.01,0.00,0,388,0.00,0.00,1390888790.000,1390888798.000,8.000
1390888800,1334.31,30.00,32.55,2.39,0.01,0.00,0,388,0.00,0.00,1390888790.000,1390888799.000,9.000
1390888800,1334.31,30.00,32.55,2.39,0.01,0.00,0,388,0.00,0.00,1390888790.000,1390888800.000,10.000
1390888801,1334.31,30.00,32.55,2.39,0.01,0.00,0,388,0.00,0.00,1390888790.000,1390888800.000,10.000
1390888801,1334.31,30.00,32.55,2.39,0.01,0.00,0,388,0.00,0.00,1390888790.000,1390888801.000,11.000
1390888802,1334.31,30.00,32.55,2.39,0.01,0.00,0,388,0.00,0.00,1390888790.000,1390888801.000,11.000
1390888802,1334.31,30.00,32.55,2.39,0.01,0.00,0,388,0.00,0.00,1390888790.000,1390888802.000,12.000
1390888803,1334.31,30.00,32.55,2.39,0.01,0.00,0,388,0.00,0.00,1390888790.000,1390888802.000,12.000
1390888805,1334.31,30.00,32.55,2.39,0.01,0.00,0,388,0.00,0.00,1390888790.000,1390888803.000,13.000
1390888806,1334.31,30.00,32.55,2.39,0.01,0.00,0,388,0.00,0.00,1390888790.000,1390888805.000,15.000
1390888806,1334.31,30.00,32.55,2.39,0.01,0.00,0,388,0.00,0.00,1390888790.000,1390888806.000,16.000
1390888807,1334.31,30.00,32.55,2.39,0.01,0.00,0,388,0.00,0.00,1390888790.000,1390888806.000,16.000
1390888807,1334.31,30.00,32.55,2.39,0.01,0.00,0,388,0.00,0.00,1390888790.000,1390888807.000,17.000
1390888808,1334.31,30.00,32.55,2.39,0.01,0.00,0,388,0.00,0.00,1390888790.000,1390888807.000,17.000
1390888808,1334.31,30.00,32.55,2.39,0.01,0.00,0,388,0.00,0.00,1390888790.000,1390888808.000,18.000
1390888809,1334.31,30.00,32.55,2.39,0.01,0.00,0,388,0.00,0.00,1390888790.000,1390888808.000,18.000
1390888810,1334.31,30.00,32.55,2.39,0.01,0.00,0,388,0.00,0.00,1390888790.000,1390888809.000,19.000
1390888811,1334.31,30.00,32.55,2.39,0.01,0.00,0,388,0.00,0.00,1390888790.000,1390888810.000,20.000
1390888811,1334.31,30.00,32.55,2.39,0.01,0.00,0,388,0.00,0.00,1390888790.000,1390888811.000,21.000
1390888812,1334.31,30.00,32.55,2.39,0.01,0.00,0,388,0.00,0.00,1390888790.000,1390888811.000,21.000
1390888813,1334.31,30.00,32.55,2.39,0.01,0.00,0,388,0.00,0.00,1390888790.000,1390888812.000,22.000
1390888813,1334.31,30.00,32.55,2.39,0.01,0.00,0,388,0.00,0.00,1390888790.000,1390888813.000,23.000
1390888814,1334.31,30.00,32.55,2.39,0.01,0.00,0,388,0.00,0.00,1390888790.000,1390888813.000,23.000
1390888815,1334.31,30.00,32.55,2.39,0.01,0.00,0,388,0.00,0.00,1390888790.000,1390888814.000,24.000
1390888815,1334.31,30.00,32.55,2.39,0.01,0.00,0,388,0.00,0.00,1390888790.000,1390888815.000,25.000
1390888816,1334.31,30.00,32.55,2.39,0.01,0.00,0,388,0.00,0.00,1390888790.000,1390888816.000,26.000
1390888817,1334.31,30.00,32.55,2.39,0.01,0.00,0,388,0.00,0.00,1390888790.000,1390888816.000,26.000
1390888817,1334.31,30.00,32.55,2.39,0.01,0.00,0,388,0.00,0.00,1390888790.000,1390888817.000,27.000
1390888818,1334.31,30.00,32.55,2.39,0.01,0.00,0,388,0.00,0.00,1390888790.000,1390888817.000,27.000
1390888818,1334.31,30.00,32.55,2.39,0.01,0.00,0,388,0.00,0.00,1390888790.000,1390888818.000,28.000
1390888819,1334.31,30.00,32.55,2.39,0.01,0.00,0,388,0.00,0.00,1390888790.000,1390888818.000,28.000
1390888822,1334.31,30.00,32.55,2.39,0.01,0.00,0,388,0.00,0.00,1390888790.000,1390888819.000,29.000
1390888822,1334.31,30.00,32.55,2.39,0.01,0.00,0,388,0.00,0.00,1390888790.000,1390888822.000,32.000
1390888823,1334.31,30.00,32.55,2.39,0.01,0.00,0,388,0.00,0.00,1390888790.000,1390888822.000,32.000
1390888826,1334.31,30.00,32.68,2.68,0.02,0.00,0,389,0.00,0.00,1390888823.000,1390888823.000,33.000
1390888827,1334.31,30.00,32.68,2.68,0.01,0.00,0,389,0.00,0.00,1390888823.000,1390888826.000,3.000
1390888827,1334.31,30.00,32.68,2.68,0.01,0.00,0,389,0.00,0.00,1390888823.000,1390888827.000,4.000
1390888828,1334.31,30.00,32.68,2.68,0.01,0.00,0,389,0.00,0.00,1390888823.000,1390888827.000,4.000
1390888828,1334.31,30.00,32.68,2.68,0.01,0.00,0,389,0.00,0.00,1390888823.000,1390888828.000,5.000
1390888829,1334.31,30.00,32.68,2.68,0.01,0.00,0,389,0.00,0.00,1390888823.000,1390888828.000,5.000
1390888829,1334.31,30.00,32.68,2.68,0.01,0.00,0,389,0.00,0.00,1390888823.000,1390888829.000,6.000
1390888830,1334.31,30.00,32.68,2.68,0.01,0.00,0,389,0.00,0.00,1390888823.000,1390888829.000,6.000
1390888830,1334.31,30.00,32.68,2.68,0.01,0.00,0,389,0.00,0.00,1390888823.000,1390888830.000,7.000
1390888831,1334.31,30.00,32.68,2.68,0.01,0.00,0,389,0.00,0.00,1390888823.000,1390888830.000,7.000
1390888832,1334.31,30.00,32.68,2.68,0.01,0.00,0,389,0.00,0.00,1390888823.000,1390888831.000,8.000
1390888832,1334.31,30.00,32.68,2.68,0.01,0.00,0,389,0.00,0.00,1390888823.000,1390888832.000,9.000
1390888833,1334.31,30.00,32.68,2.68,0.01,0.00,0,389,0.00,0.00,1390888823.000,1390888832.000,9.000
1390888833,1334.31,30.00,32.68,2.68,0.01,0.00,0,389,0.00,0.00,1390888823.000,1390888833.000,10.000
1390888834,1334.31,30.00,32.68,2.68,0.01,0.00,0,389,0.00,0.00,1390888823.000,1390888833.000,10.000
1390888835,1334.31,30.00,32.68,2.68,0.01,0.00,0,389,0.00,0.00,1390888823.000,1390888834.000,11.000
1390888835,1334.31,30.00,32.68,2.68,0.01,0.00,0,389,0.00,0.00,1390888823.000,1390888835.000,12.000
1390888836,1334.31,30.00,32.68,2.68,0.01,0.00,0,389,0.00,0.00,1390888823.000,1390888835.000,12.000
1390888836,1334.31,30.00,32.68,2.68,0.01,0.00,0,389,0.00,0.00,1390888823.000,1390888836.000,13.000
1390888839,1334.31,30.00,32.68,2.68,0.01,0.00,0,389,0.00,0.00,1390888823.000,1390888836.000,13.000
1390888839,1334.31,30.00,32.68,2.68,0.01,0.00,0,389,0.00,0.00,1390888823.000,1390888839.000,16.000
1390888839,1334.31,30.00,32.68,2.68,0.01,0.00,0,389,0.00,0.00,1390888823.000,1390888839.000,16.000
1390888840,1334.31,30.00,32.68,2.68,0.01,0.00,0,389,0.00,0.00,1390888823.000,1390888839.000,16.000
1390888841,1334.31,30.00,32.68,2.68,0.01,0.00,0,389,0.00,0.00,1390888823.000,1390888840.000,17.000
1390888841,1334.31,30.00,32.68,2.68,0.01,0.00,0,389,0.00,0.00,1390888823.000,1390888841.000,18.000
1390888842,1334.31,30.00,32.68,2.68,0.01,0.00,0,389,0.00,0.00,1390888823.000,1390888841.000,18.000
1390888842,1334.31,30.00,32.68,2.68,0.01,0.00,0,389,0.00,0.00,1390888823.000,1390888842.000,19.000
1390888843,1334.31,30.00,32.68,2.68,0.01,0.00,0,389,0.00,0.00,1390888823.000,1390888842.000,19.000
1390888844,1334.31,30.00,32.68,2.68,0.01,0.00,0,389,0.00,0.00,1390888823.000,1390888843.000,20.000
1390888845,1334.31,30.00,32.68,2.68,0.01,0.00,0,389,0.00,0.00,1390888823.000,1390888844.000,21.000
1390888845,1334.31,30.00,32.68,2.68,0.01,0.00,0,389,0.00,0.00,1390888823.000,1390888845.000,22.000
1390888846,1334.31,30.00,32.68,2.68,0.01,0.00,0,389,0.00,0.00,1390888823.000,1390888845.000,22.000
1390888847,1334.31,30.00,32.68,2.68,0.01,0.00,0,389,0.00,0.00,1390888823.000,1390888846.000,23.000
1390888847,1334.31,30.00,32.68,2.68,0.01,0.00,0,389,0.00,0.00,1390888823.000,1390888847.000,24.000
1390888848,1334.31,30.00,32.68,2.68,0.01,0.00,0,389,0.00,0.00,1390888823.000,1390888847.000,24.000
1390888849,1334.31,30.00,32.68,2.68,0.01,0.00,0,389,0.00,0.00,1390888823.000,1390888848.000,25.000
1390888849,1334.31,30.00,32.68,2.68,0.01,0.00,0,389,0.00,0.00,1390888823.000,1390888849.000,26.000
1390888850,1334.31,30.00,32.68,2.68,0.01,0.00,0,389,0.00,0.00,1390888823.000,1390888849.000,26.000
1390888851,1334.31,30.00,32.68,2.68,0.01,0.00,0,389,0.00,0.00,1390888823.000,1390888850.000,27.000
1390888851,1334.31,30.00,32.68,2.68,0.01,0.00,0,389,0.00,0.00,1390888823.000,1390888851.000,28.000
1390888852,1334.31,30.00,32.68,2.68,0.01,0.00,0,389,0.00,0.00,1390888823.000,1390888851.000,28.000
1390888853,1334.31,30.00,32.68,2.68,0.01,0.00,0,389,0.00,0.00,1390888823.000,1390888852.000,29.000
1390888855,1334.31,30.00,32.68,2.68,0.01,0.00,0,389,0.00,0.00,1390888823.000,1390888853.000,30.000
1390888855,1334.31,30.00,32.68,2.68,0.02,0.00,0,389,0.00,0.00,1390888823.000,1390888855.000,32.000
1390888856,1334.31,30.00,32.54,2.68,0.02,0.00,0,389,0.00,0.00,1390888823.000,1390888855.000,32.000
1390888860,1334.31,30.00,32.54,1.86,0.02,0.00,0,390,0.00,0.00,1390888857.000,1390888856.000,33.000
